Bien jurídico afectado;(Todas);;
Tipo de delito;(Todas);;
Subtipo de delito;(Todas);;
Modalidad;(Todas);;
;;;
Suma de Total;;;Etiquetas de columna
Etiquetas de fila;Cve# Municipio;Municipio;2026
Aguascalientes;1001;Aguascalientes;9470
Aguascalientes;1002;Asientos;322
Aguascalientes;1003;Calvillo;337
Aguascalientes;1004;Cosío;116
Aguascalientes;1005;Jesús María;1130
Aguascalientes;1006;Pabellón de Arteaga;413
Aguascalientes;1007;Rincón de Romos;391
Aguascalientes;1008;San José de Gracia;77
Aguascalientes;1009;Tepezalá;152
Aguascalientes;1010;El Llano;196
Aguascalientes;1011;San Francisco de los Romo;610
Aguascalientes;1999;No especificado;0
Baja California;2001;Ensenada;4229
Baja California;2002;Mexicali;10801
Baja California;2003;Tecate;1208
Baja California;2004;Tijuana;11788
Baja California;2005;Playas de Rosarito;1049
Baja California;2006;San Quintín;709
Baja California;2007;San Felipe;278
Baja California;2999;No especificado;0
Baja California Sur;3001;Comondú;460
Baja California Sur;3002;Mulegé;418
Baja California Sur;3003;La Paz;3163
Baja California Sur;3008;Los Cabos;3472
Baja California Sur;3009;Loreto;188
Baja California Sur;3999;No especificado;0
Campeche;4001;Calkiní;65
Campeche;4002;Campeche;648
Campeche;4003;Carmen;272
Campeche;4004;Champotón;307
Campeche;4005;Hecelchakán;38
Campeche;4006;Hopelchén;37
Campeche;4007;Palizada;5
Campeche;4008;Tenabo;6
Campeche;4009;Escárcega;27
Campeche;4010;Calakmul;5
Campeche;4011;Candelaria;19
Campeche;4012;Seybaplaya;29
Campeche;4013;Dzitbalché;43
Campeche;4999;No especificado;0
Chiapas;7001;Acacoyagua;5
Chiapas;7002;Acala;5
Chiapas;7003;Acapetahua;13
Chiapas;7004;Altamirano;8
Chiapas;7005;Amatán;6
Chiapas;7006;Amatenango de la Frontera;3
Chiapas;7007;Amatenango del Valle;1
Chiapas;7008;Ángel Albino Corzo;8
Chiapas;7009;Arriaga;41
Chiapas;7010;Bejucal de Ocampo;0
Chiapas;7011;Bella Vista;1
Chiapas;7012;Berriozábal;36
Chiapas;7013;Bochil;7
Chiapas;7014;El Bosque;3
Chiapas;7015;Cacahoatán;24
Chiapas;7016;Catazajá;5
Chiapas;7017;Cintalapa de Figueroa;64
Chiapas;7018;Coapilla;1
Chiapas;7019;Comitán de Domínguez;110
Chiapas;7020;La Concordia;6
Chiapas;7021;Copainalá;4
Chiapas;7022;Chalchihuitán;0
Chiapas;7023;Chamula;9
Chiapas;7024;Chanal;0
Chiapas;7025;Chapultenango;3
Chiapas;7026;Chenalhó;20
Chiapas;7027;Chiapa de Corzo;71
Chiapas;7028;Chiapilla;1
Chiapas;7029;Chicoasén;0
Chiapas;7030;Chicomuselo;0
Chiapas;7031;Chilón;23
Chiapas;7032;Escuintla;12
Chiapas;7033;Francisco León;1
Chiapas;7034;Frontera Comalapa;15
Chiapas;7035;Frontera Hidalgo;2
Chiapas;7036;La Grandeza;1
Chiapas;7037;Huehuetán;28
Chiapas;7038;Huixtán;3
Chiapas;7039;Huitiupán;2
Chiapas;7040;Huixtla;54
Chiapas;7041;La Independencia;3
Chiapas;7042;Ixhuatán;9
Chiapas;7043;Ixtacomitán;2
Chiapas;7044;Ixtapa;3
Chiapas;7045;Ixtapangajoya;3
Chiapas;7046;Jiquipilas;30
Chiapas;7047;Jitotol;1
Chiapas;7048;Juárez;14
Chiapas;7049;Larráinzar;7
Chiapas;7050;La Libertad;2
Chiapas;7051;Mapastepec;23
Chiapas;7052;Las Margaritas;21
Chiapas;7053;Mazapa de Madero;0
Chiapas;7054;Mazatán;30
Chiapas;7055;Metapa;2
Chiapas;7056;Mitontic;0
Chiapas;7057;Motozintla;33
Chiapas;7058;Nicolás Ruíz;1
Chiapas;7059;Ocosingo;72
Chiapas;7060;Ocotepec;3
Chiapas;7061;Ocozocoautla de Espinosa;101
Chiapas;7062;Ostuacán;6
Chiapas;7063;Osumacinta;1
Chiapas;7064;Oxchuc;5
Chiapas;7065;Palenque;79
Chiapas;7066;Pantelhó;2
Chiapas;7067;Pantepec;1
Chiapas;7068;Pichucalco;16
Chiapas;7069;Pijijiapan;16
Chiapas;7070;El Porvenir;1
Chiapas;7071;Villa Comaltitlán;18
Chiapas;7072;Pueblo Nuevo Solistahuacán;14
Chiapas;7073;Rayón;1
Chiapas;7074;Reforma;67
Chiapas;7075;Las Rosas;3
Chiapas;7076;Sabanilla;4
Chiapas;7077;Salto de Agua;10
Chiapas;7078;San Cristóbal de las Casas;159
Chiapas;7079;San Fernando;12
Chiapas;7080;Siltepec;7
Chiapas;7081;Simojovel;10
Chiapas;7082;Sitalá;1
Chiapas;7083;Socoltenango;2
Chiapas;7084;Solosuchiapa;8
Chiapas;7085;Soyaló;2
Chiapas;7086;Suchiapa;22
Chiapas;7087;Suchiate;36
Chiapas;7088;Sunuapa;0
Chiapas;7089;Tapachula;466
Chiapas;7090;Tapalapa;1
Chiapas;7091;Tapilula;5
Chiapas;7092;Tecpatán;3
Chiapas;7093;Tenejapa;4
Chiapas;7094;Teopisca;4
Chiapas;7096;Tila;16
Chiapas;7097;Tonalá;48
Chiapas;7098;Totolapa;0
Chiapas;7099;La Trinitaria;13
Chiapas;7100;Tumbalá;3
Chiapas;7101;Tuxtla Gutiérrez;661
Chiapas;7102;Tuxtla Chico;51
Chiapas;7103;Tuzantán;28
Chiapas;7104;Tzimol;7
Chiapas;7105;Unión Juárez;4
Chiapas;7106;Venustiano Carranza;6
Chiapas;7107;Villa Corzo;16
Chiapas;7108;Villaflores;51
Chiapas;7109;Yajalón;15
Chiapas;7110;San Lucas;1
Chiapas;7111;Zinacantán;7
Chiapas;7112;San Juan Cancuc;14
Chiapas;7113;Aldama;1
Chiapas;7114;Benemérito de las Américas;8
Chiapas;7115;Maravilla Tenejapa;1
Chiapas;7116;Marqués de Comillas;2
Chiapas;7117;Montecristo de Guerrero;0
Chiapas;7118;San Andrés Duraznal;0
Chiapas;7119;Santiago el Pinar;0
Chiapas;7120;Capitán Luis Ángel Vidal;1
Chiapas;7121;Rincón Chamula San Pedro;4
Chiapas;7122;El Parral;4
Chiapas;7123;Emiliano Zapata;2
Chiapas;7124;Mezcalapa;14
Chiapas;7125;Honduras de la Sierra;2
Chiapas;7999;No especificado;0
Chihuahua;8001;Ahumada;57
Chihuahua;8002;Aldama;138
Chihuahua;8003;Allende;28
Chihuahua;8004;Aquiles Serdán;32
Chihuahua;8005;Ascensión;133
Chihuahua;8006;Bachíniva;20
Chihuahua;8007;Balleza;36
Chihuahua;8008;Batopilas de Manuel Gómez Morín;3
Chihuahua;8009;Bocoyna;148
Chihuahua;8010;Buenaventura;67
Chihuahua;8011;Camargo;265
Chihuahua;8012;Carichí;9
Chihuahua;8013;Casas Grandes;62
Chihuahua;8014;Coronado;3
Chihuahua;8015;Coyame del Sotol;6
Chihuahua;8016;La Cruz;4
Chihuahua;8017;Cuauhtémoc;1641
Chihuahua;8018;Cusihuiriachi;25
Chihuahua;8019;Chihuahua;6452
Chihuahua;8020;Chínipas;11
Chihuahua;8021;Delicias;990
Chihuahua;8022;Dr. Belisario Domínguez;12
Chihuahua;8023;Galeana;28
Chihuahua;8024;Santa Isabel;22
Chihuahua;8025;Gómez Farías;18
Chihuahua;8026;Gran Morelos;9
Chihuahua;8027;Guachochi;188
Chihuahua;8028;Guadalupe;8
Chihuahua;8029;Guadalupe y Calvo;95
Chihuahua;8030;Guazapares;4
Chihuahua;8031;Guerrero;172
Chihuahua;8032;Hidalgo del Parral;946
Chihuahua;8033;Huejotitán;4
Chihuahua;8034;Ignacio Zaragoza;5
Chihuahua;8035;Janos;26
Chihuahua;8036;Jiménez;331
Chihuahua;8037;Juárez;9905
Chihuahua;8038;Julimes;12
Chihuahua;8039;López;10
Chihuahua;8040;Madera;96
Chihuahua;8041;Maguarichi;0
Chihuahua;8042;Manuel Benavides;0
Chihuahua;8043;Matachí;4
Chihuahua;8044;Matamoros;13
Chihuahua;8045;Meoqui;253
Chihuahua;8046;Morelos;4
Chihuahua;8047;Moris;10
Chihuahua;8048;Namiquipa;34
Chihuahua;8049;Nonoava;9
Chihuahua;8050;Nuevo Casas Grandes;548
Chihuahua;8051;Ocampo;21
Chihuahua;8052;Ojinaga;26
Chihuahua;8053;Praxedis G. Guerrero;9
Chihuahua;8054;Riva Palacio;10
Chihuahua;8055;Rosales;72
Chihuahua;8056;Valle del Rosario;1
Chihuahua;8057;San Francisco de Borja;14
Chihuahua;8058;San Francisco de Conchos;8
Chihuahua;8059;San Francisco del Oro;20
Chihuahua;8060;Santa Bárbara;72
Chihuahua;8061;Satevó;7
Chihuahua;8062;Saucillo;134
Chihuahua;8063;Temósachic;12
Chihuahua;8064;El Tule;0
Chihuahua;8065;Urique;34
Chihuahua;8066;Uruachi;5
Chihuahua;8067;Valle de Zaragoza;16
Chihuahua;8999;No especificado;0
Ciudad de México;9002;Azcapotzalco;2814
Ciudad de México;9003;Coyoacán;4770
Ciudad de México;9004;Cuajimalpa de Morelos;1267
Ciudad de México;9005;Gustavo A. Madero;6611
Ciudad de México;9006;Iztacalco;3068
Ciudad de México;9007;Iztapalapa;8860
Ciudad de México;9008;La Magdalena Contreras;1200
Ciudad de México;9009;Milpa Alta;832
Ciudad de México;9010;Álvaro Obregón;4210
Ciudad de México;9011;Tláhuac;1973
Ciudad de México;9012;Tlalpan;4191
Ciudad de México;9013;Xochimilco;2284
Ciudad de México;9014;Benito Juárez;5094
Ciudad de México;9015;Cuauhtémoc;9498
Ciudad de México;9016;Miguel Hidalgo;3960
Ciudad de México;9017;Venustiano Carranza;3523
Ciudad de México;9999;No especificado;2991
Coahuila de Zaragoza;5001;Abasolo;5
Coahuila de Zaragoza;5002;Acuña;1434
Coahuila de Zaragoza;5003;Allende;253
Coahuila de Zaragoza;5004;Arteaga;265
Coahuila de Zaragoza;5005;Candela;26
Coahuila de Zaragoza;5006;Castaños;160
Coahuila de Zaragoza;5007;Cuatro Ciénegas;101
Coahuila de Zaragoza;5008;Escobedo;10
Coahuila de Zaragoza;5009;Francisco I. Madero;614
Coahuila de Zaragoza;5010;Frontera;532
Coahuila de Zaragoza;5011;General Cepeda;58
Coahuila de Zaragoza;5012;Guerrero;2
Coahuila de Zaragoza;5013;Hidalgo;2
Coahuila de Zaragoza;5014;Jiménez;52
Coahuila de Zaragoza;5015;Juárez;24
Coahuila de Zaragoza;5016;Lamadrid;9
Coahuila de Zaragoza;5017;Matamoros;980
Coahuila de Zaragoza;5018;Monclova;1683
Coahuila de Zaragoza;5019;Morelos;50
Coahuila de Zaragoza;5020;Múzquiz;499
Coahuila de Zaragoza;5021;Nadadores;18
Coahuila de Zaragoza;5022;Nava;222
Coahuila de Zaragoza;5023;Ocampo;30
Coahuila de Zaragoza;5024;Parras;297
Coahuila de Zaragoza;5025;Piedras Negras;2190
Coahuila de Zaragoza;5026;Progreso;11
Coahuila de Zaragoza;5027;Ramos Arizpe;870
Coahuila de Zaragoza;5028;Sabinas;582
Coahuila de Zaragoza;5029;Sacramento;3
Coahuila de Zaragoza;5030;Saltillo;4858
Coahuila de Zaragoza;5031;San Buenaventura;75
Coahuila de Zaragoza;5032;San Juan de Sabinas;212
Coahuila de Zaragoza;5033;San Pedro;789
Coahuila de Zaragoza;5034;Sierra Mojada;2
Coahuila de Zaragoza;5035;Torreón;6107
Coahuila de Zaragoza;5036;Viesca;82
Coahuila de Zaragoza;5037;Villa Unión;18
Coahuila de Zaragoza;5038;Zaragoza;129
Coahuila de Zaragoza;5999;No especificado;0
Colima;6001;Armería;229
Colima;6002;Colima;2554
Colima;6003;Comala;184
Colima;6004;Coquimatlán;196
Colima;6005;Cuauhtémoc;158
Colima;6006;Ixtlahuacán;46
Colima;6007;Manzanillo;3007
Colima;6008;Minatitlán;88
Colima;6009;Tecomán;1021
Colima;6010;Villa de Álvarez;1504
Colima;6999;No especificado;0
Durango;10001;Canatlán;77
Durango;10002;Canelas;1
Durango;10003;Coneto de Comonfort;1
Durango;10004;Cuencamé;86
Durango;10005;Durango;3433
Durango;10006;General Simón Bolívar;7
Durango;10007;Gómez Palacio;956
Durango;10008;Guadalupe Victoria;175
Durango;10009;Guanaceví;5
Durango;10010;Hidalgo;4
Durango;10011;Indé;2
Durango;10012;Lerdo;313
Durango;10013;Mapimí;40
Durango;10014;Mezquital;43
Durango;10015;Nazas;14
Durango;10016;Nombre de Dios;62
Durango;10017;Ocampo;14
Durango;10018;El Oro;16
Durango;10019;Otáez;9
Durango;10020;Pánuco de Coronado;34
Durango;10021;Peñón Blanco;32
Durango;10022;Poanas;48
Durango;10023;Pueblo Nuevo;92
Durango;10024;Rodeo;39
Durango;10025;San Bernardo;8
Durango;10026;San Dimas;8
Durango;10027;San Juan de Guadalupe;1
Durango;10028;San Juan del Río;49
Durango;10029;San Luis del Cordero;17
Durango;10030;San Pedro del Gallo;0
Durango;10031;Santa Clara;4
Durango;10032;Santiago Papasquiaro;131
Durango;10033;Súchil;61
Durango;10034;Tamazula;8
Durango;10035;Tepehuanes;13
Durango;10036;Tlahualilo;24
Durango;10037;Topia;1
Durango;10038;Vicente Guerrero;94
Durango;10039;Nuevo Ideal;91
Durango;10999;No especificado;0
Guanajuato;11001;Abasolo;399
Guanajuato;11002;Acámbaro;740
Guanajuato;11003;San Miguel de Allende;2331
Guanajuato;11004;Apaseo el Alto;443
Guanajuato;11005;Apaseo el Grande;1126
Guanajuato;11006;Atarjea;24
Guanajuato;11007;Celaya;5807
Guanajuato;11008;Manuel Doblado;69
Guanajuato;11009;Comonfort;542
Guanajuato;11010;Coroneo;61
Guanajuato;11011;Cortazar;764
Guanajuato;11012;Cuerámaro;116
Guanajuato;11013;Doctor Mora;129
Guanajuato;11014;Dolores Hidalgo Cuna de la Independencia Nacional;1109
Guanajuato;11015;Guanajuato;2914
Guanajuato;11016;Huanímaro;65
Guanajuato;11017;Irapuato;6656
Guanajuato;11018;Jaral del Progreso;156
Guanajuato;11019;Jerécuaro;100
Guanajuato;11020;León;13347
Guanajuato;11021;Moroleón;290
Guanajuato;11022;Ocampo;208
Guanajuato;11023;Pénjamo;960
Guanajuato;11024;Pueblo Nuevo;57
Guanajuato;11025;Purísima del Rincón;498
Guanajuato;11026;Romita;282
Guanajuato;11027;Salamanca;2732
Guanajuato;11028;Salvatierra;871
Guanajuato;11029;San Diego de la Unión;145
Guanajuato;11030;San Felipe;649
Guanajuato;11031;San Francisco del Rincón;732
Guanajuato;11032;San José de Iturbide;645
Guanajuato;11033;San Luis de la Paz;789
Guanajuato;11034;Santa Catarina;48
Guanajuato;11035;Santa Cruz de Juventino Rosas;482
Guanajuato;11036;Santiago Maravatío;34
Guanajuato;11037;Silao de la Victoria;2293
Guanajuato;11038;Tarandacuao;117
Guanajuato;11039;Tarimoro;253
Guanajuato;11040;Tierra Blanca;84
Guanajuato;11041;Uriangato;391
Guanajuato;11042;Valle de Santiago;1025
Guanajuato;11043;Victoria;76
Guanajuato;11044;Villagrán;397
Guanajuato;11045;Xichú;31
Guanajuato;11046;Yuriria;382
Guanajuato;11999;No especificado;0
Guerrero;12001;Acapulco de Juárez;3080
Guerrero;12002;Ahuacuotzingo;9
Guerrero;12003;Ajuchitlán del Progreso;20
Guerrero;12004;Alcozauca de Guerrero;22
Guerrero;12005;Alpoyeca;9
Guerrero;12006;Apaxtla de Castrejón;6
Guerrero;12007;Arcelia;20
Guerrero;12008;Atenango del Río;9
Guerrero;12009;Atlamajalcingo del Monte;11
Guerrero;12010;Atlixtac;12
Guerrero;12011;Atoyac de Álvarez;95
Guerrero;12012;Ayutla de los Libres;74
Guerrero;12013;Azoyú;37
Guerrero;12014;Benito Juárez;22
Guerrero;12015;Buenavista de Cuéllar;16
Guerrero;12016;Coahuayutla de José María Izazaga;2
Guerrero;12017;Cocula;14
Guerrero;12018;Copala;32
Guerrero;12019;Copalillo;6
Guerrero;12020;Copanatoyac;11
Guerrero;12021;Coyuca de Benítez;129
Guerrero;12022;Coyuca de Catalán;28
Guerrero;12023;Cuajinicuilapa;45
Guerrero;12024;Cualác;5
Guerrero;12025;Cuautepec;13
Guerrero;12026;Cuetzala del Progreso;1
Guerrero;12027;Cutzamala de Pinzón;7
Guerrero;12028;Chilapa de Álvarez;40
Guerrero;12029;Chilpancingo de los Bravo;1401
Guerrero;12030;Florencio Villarreal;56
Guerrero;12031;General Canuto A. Neri;1
Guerrero;12032;General Heliodoro Castillo;0
Guerrero;12033;Huamuxtitlán;33
Guerrero;12034;Huitzuco de los Figueroa;67
Guerrero;12035;Iguala de la Independencia;548
Guerrero;12036;Igualapa;44
Guerrero;12037;Ixcateopan de Cuauhtémoc;4
Guerrero;12038;Zihuatanejo de Azueta;448
Guerrero;12039;Juan R. Escudero;50
Guerrero;12040;Leonardo Bravo;6
Guerrero;12041;Malinaltepec;23
Guerrero;12042;Mártir de Cuilapan;2
Guerrero;12043;Metlatónoc;35
Guerrero;12044;Mochitlán;3
Guerrero;12045;Olinalá;17
Guerrero;12046;Ometepec;319
Guerrero;12047;Pedro Ascencio Alquisiras;0
Guerrero;12048;Petatlán;55
Guerrero;12049;Pilcaya;8
Guerrero;12050;Pungarabato;62
Guerrero;12051;Quechultenango;10
Guerrero;12052;San Luis Acatlán;55
Guerrero;12053;San Marcos;72
Guerrero;12054;San Miguel Totolapan;4
Guerrero;12055;Taxco de Alarcón;306
Guerrero;12056;Tecoanapa;61
Guerrero;12057;Técpan de Galeana;125
Guerrero;12058;Teloloapan;85
Guerrero;12059;Tepecoacuilco de Trujano;46
Guerrero;12060;Tetipac;3
Guerrero;12061;Tixtla de Guerrero;85
Guerrero;12062;Tlacoachistlahuaca;31
Guerrero;12063;Tlacoapa;8
Guerrero;12064;Tlalchapa;4
Guerrero;12065;Tlalixtaquilla de Maldonado;2
Guerrero;12066;Tlapa de Comonfort;249
Guerrero;12067;Tlapehuala;6
Guerrero;12068;La Unión de Isidoro Montes de Oca;40
Guerrero;12069;Xalpatláhuac;8
Guerrero;12070;Xochihuehuetlán;8
Guerrero;12071;Xochistlahuaca;29
Guerrero;12072;Zapotitlán Tablas;8
Guerrero;12073;Zirándaro;2
Guerrero;12074;Zitlala;6
Guerrero;12075;Eduardo Neri;86
Guerrero;12076;Acatepec;6
Guerrero;12077;Marquelia;31
Guerrero;12078;Cochoapa el Grande;37
Guerrero;12079;José Joaquín de Herrera;4
Guerrero;12080;Juchitán;25
Guerrero;12081;Iliatenco;6
Guerrero;12082;Las Vigas;0
Guerrero;12083;Ñuu Savi;2
Guerrero;12084;Santa Cruz del Rincón;2
Guerrero;12085;San Nicolás;11
Guerrero;12999;No especificado;119
Hidalgo;13001;Acatlán;64
Hidalgo;13002;Acaxochitlán;118
Hidalgo;13003;Actopan;437
Hidalgo;13004;Agua Blanca de Iturbide;33
Hidalgo;13005;Ajacuba;54
Hidalgo;13006;Alfajayucan;58
Hidalgo;13007;Almoloya;72
Hidalgo;13008;Apan;341
Hidalgo;13009;El Arenal;70
Hidalgo;13010;Atitalaquia;199
Hidalgo;13011;Atlapexco;42
Hidalgo;13012;Atotonilco el Grande;204
Hidalgo;13013;Atotonilco de Tula;378
Hidalgo;13014;Calnali;30
Hidalgo;13015;Cardonal;38
Hidalgo;13016;Cuautepec de Hinojosa;192
Hidalgo;13017;Chapantongo;32
Hidalgo;13018;Chapulhuacán;32
Hidalgo;13019;Chilcuautla;56
Hidalgo;13020;Eloxochitlán;6
Hidalgo;13021;Emiliano Zapata;83
Hidalgo;13022;Epazoyucan;99
Hidalgo;13023;Francisco I. Madero;161
Hidalgo;13024;Huasca de Ocampo;98
Hidalgo;13025;Huautla;14
Hidalgo;13026;Huazalingo;18
Hidalgo;13027;Huehuetla;48
Hidalgo;13028;Huejutla de Reyes;334
Hidalgo;13029;Huichapan;181
Hidalgo;13030;Ixmiquilpan;579
Hidalgo;13031;Jacala de Ledezma;41
Hidalgo;13032;Jaltocán;15
Hidalgo;13033;Juárez Hidalgo;6
Hidalgo;13034;Lolotla;21
Hidalgo;13035;Metepec;53
Hidalgo;13036;San Agustín Metzquititlán;27
Hidalgo;13037;Metztitlán;87
Hidalgo;13038;Mineral del Chico;51
Hidalgo;13039;Mineral del Monte;91
Hidalgo;13040;La Misión;12
Hidalgo;13041;Mixquiahuala de Juárez;304
Hidalgo;13042;Molango de Escamilla;30
Hidalgo;13043;Nicolás Flores;5
Hidalgo;13044;Nopala de Villagrán;38
Hidalgo;13045;Omitlán de Juárez;40
Hidalgo;13046;San Felipe Orizatlán;67
Hidalgo;13047;Pacula;10
Hidalgo;13048;Pachuca de Soto;3414
Hidalgo;13049;Pisaflores;12
Hidalgo;13050;Progreso de Obregón;162
Hidalgo;13051;Mineral de la Reforma;1419
Hidalgo;13052;San Agustín Tlaxiaca;196
Hidalgo;13053;San Bartolo Tutotepec;50
Hidalgo;13054;San Salvador;159
Hidalgo;13055;Santiago de Anaya;51
Hidalgo;13056;Santiago Tulantepec de Lugo Guerrero;240
Hidalgo;13057;Singuilucan;124
Hidalgo;13058;Tasquillo;44
Hidalgo;13059;Tecozautla;71
Hidalgo;13060;Tenango de Doria;76
Hidalgo;13061;Tepeapulco;329
Hidalgo;13062;Tepehuacán de Guerrero;24
Hidalgo;13063;Tepeji del Río de Ocampo;591
Hidalgo;13064;Tepetitlán;36
Hidalgo;13065;Tetepango;31
Hidalgo;13066;Villa de Tezontepec;94
Hidalgo;13067;Tezontepec de Aldama;212
Hidalgo;13068;Tianguistengo;12
Hidalgo;13069;Tizayuca;1865
Hidalgo;13070;Tlahuelilpan;119
Hidalgo;13071;Tlahuiltepa;7
Hidalgo;13072;Tlanalapa;54
Hidalgo;13073;Tlanchinol;62
Hidalgo;13074;Tlaxcoapan;108
Hidalgo;13075;Tolcayuca;141
Hidalgo;13076;Tula de Allende;791
Hidalgo;13077;Tulancingo de Bravo;1381
Hidalgo;13078;Xochiatipan;16
Hidalgo;13079;Xochicoatlán;16
Hidalgo;13080;Yahualica;24
Hidalgo;13081;Zacualtipán de Ángeles;142
Hidalgo;13082;Zapotlán de Juárez;175
Hidalgo;13083;Zempoala;450
Hidalgo;13084;Zimapán;109
Hidalgo;13999;No especificado;1
Jalisco;14001;Acatic;45
Jalisco;14002;Acatlán de Juárez;78
Jalisco;14003;Ahualulco de Mercado;105
Jalisco;14004;Amacueca;21
Jalisco;14005;Amatitán;48
Jalisco;14006;Ameca;274
Jalisco;14007;San Juanito de Escobedo;12
Jalisco;14008;Arandas;231
Jalisco;14009;El Arenal;90
Jalisco;14010;Atemajac de Brizuela;19
Jalisco;14011;Atengo;3
Jalisco;14012;Atenguillo;11
Jalisco;14013;Atotonilco el Alto;126
Jalisco;14014;Atoyac;12
Jalisco;14015;Autlán de Navarro;314
Jalisco;14016;Ayotlán;45
Jalisco;14017;Ayutla;13
Jalisco;14018;La Barca;150
Jalisco;14019;Bolaños;16
Jalisco;14020;Cabo Corrientes;28
Jalisco;14021;Casimiro Castillo;47
Jalisco;14022;Cihuatlán;149
Jalisco;14023;Zapotlán el Grande;574
Jalisco;14024;Cocula;127
Jalisco;14025;Colotlán;124
Jalisco;14026;Concepción de Buenos Aires;7
Jalisco;14027;Cuautitlán de García Barragán;32
Jalisco;14028;Cuautla;3
Jalisco;14029;Cuquío;20
Jalisco;14030;Chapala;227
Jalisco;14031;Chimaltitán;6
Jalisco;14032;Chiquilistlán;10
Jalisco;14033;Degollado;39
Jalisco;14034;Ejutla;2
Jalisco;14035;Encarnación de Díaz;120
Jalisco;14036;Etzatlán;61
Jalisco;14037;El Grullo;106
Jalisco;14038;Guachinango;6
Jalisco;14039;Guadalajara;9323
Jalisco;14040;Hostotipaquillo;17
Jalisco;14041;Huejúcar;7
Jalisco;14042;Huejuquilla el Alto;16
Jalisco;14043;La Huerta;62
Jalisco;14044;Ixtlahuacán de los Membrillos;187
Jalisco;14045;Ixtlahuacán del Río;47
Jalisco;14046;Jalostotitlán;80
Jalisco;14047;Jamay;68
Jalisco;14048;Jesús María;39
Jalisco;14049;Jilotlán de los Dolores;3
Jalisco;14050;Jocotepec;144
Jalisco;14051;Juanacatlán;127
Jalisco;14052;Juchitlán;15
Jalisco;14053;Lagos de Moreno;721
Jalisco;14054;El Limón;8
Jalisco;14055;Magdalena;61
Jalisco;14056;Santa María del Oro;0
Jalisco;14057;La Manzanilla de la Paz;7
Jalisco;14058;Mascota;51
Jalisco;14059;Mazamitla;57
Jalisco;14060;Mexticacán;5
Jalisco;14061;Mezquitic;27
Jalisco;14062;Mixtlán;15
Jalisco;14063;Ocotlán;328
Jalisco;14064;Ojuelos de Jalisco;71
Jalisco;14065;Pihuamo;6
Jalisco;14066;Poncitlán;102
Jalisco;14067;Puerto Vallarta;1912
Jalisco;14068;Villa Purificación;16
Jalisco;14069;Quitupan;4
Jalisco;14070;El Salto;1353
Jalisco;14071;San Cristóbal de la Barranca;6
Jalisco;14072;San Diego de Alejandría;9
Jalisco;14073;San Juan de los Lagos;143
Jalisco;14074;San Julián;14
Jalisco;14075;San Marcos;14
Jalisco;14076;San Martín de Bolaños;3
Jalisco;14077;San Martín Hidalgo;90
Jalisco;14078;San Miguel el Alto;48
Jalisco;14079;Gómez Farías;102
Jalisco;14080;San Sebastián del Oeste;4
Jalisco;14081;Santa María de los Ángeles;6
Jalisco;14082;Sayula;108
Jalisco;14083;Tala;457
Jalisco;14084;Talpa de Allende;33
Jalisco;14085;Tamazula de Gordiano;76
Jalisco;14086;Tapalpa;42
Jalisco;14087;Tecalitlán;16
Jalisco;14088;Tecolotlán;57
Jalisco;14089;Techaluta de Montenegro;5
Jalisco;14090;Tenamaxtlán;15
Jalisco;14091;Teocaltiche;68
Jalisco;14092;Teocuitatlán de Corona;14
Jalisco;14093;Tepatitlán de Morelos;475
Jalisco;14094;Tequila;146
Jalisco;14095;Teuchitlán;35
Jalisco;14096;Tizapán el Alto;44
Jalisco;14097;Tlajomulco de Zúñiga;3417
Jalisco;14098;San Pedro Tlaquepaque;3627
Jalisco;14099;Tolimán;11
Jalisco;14100;Tomatlán;63
Jalisco;14101;Tonalá;2295
Jalisco;14102;Tonaya;8
Jalisco;14103;Tonila;22
Jalisco;14104;Totatiche;10
Jalisco;14105;Tototlán;65
Jalisco;14106;Tuxcacuesco;9
Jalisco;14107;Tuxcueca;15
Jalisco;14108;Tuxpan;77
Jalisco;14109;Unión de San Antonio;26
Jalisco;14110;Unión de Tula;51
Jalisco;14111;Valle de Guadalupe;22
Jalisco;14112;Valle de Juárez;12
Jalisco;14113;San Gabriel;36
Jalisco;14114;Villa Corona;30
Jalisco;14115;Villa Guerrero;9
Jalisco;14116;Villa Hidalgo;56
Jalisco;14117;Cañadas de Obregón;5
Jalisco;14118;Yahualica de González Gallo;46
Jalisco;14119;Zacoalco de Torres;98
Jalisco;14120;Zapopan;6126
Jalisco;14121;Zapotiltic;158
Jalisco;14122;Zapotitlán de Vadillo;10
Jalisco;14123;Zapotlán del Rey;35
Jalisco;14124;Zapotlanejo;289
Jalisco;14125;San Ignacio Cerro Gordo;29
Jalisco;14999;No especificado;0
México;15001;Acambay de Ruíz Castañeda;267
México;15002;Acolman;727
México;15003;Aculco;167
México;15004;Almoloya de Alquisiras;29
México;15005;Almoloya de Juárez;1009
México;15006;Almoloya del Río;77
México;15007;Amanalco;91
México;15008;Amatepec;26
México;15009;Amecameca;563
México;15010;Apaxco;167
México;15011;Atenco;438
México;15012;Atizapán;95
México;15013;Atizapán de Zaragoza;2869
México;15014;Atlacomulco;676
México;15015;Atlautla;109
México;15016;Axapusco;242
México;15017;Ayapango;67
México;15018;Calimaya;370
México;15019;Capulhuac;180
México;15020;Coacalco de Berriozábal;1937
México;15021;Coatepec Harinas;129
México;15022;Cocotitlán;125
México;15023;Coyotepec;331
México;15024;Cuautitlán;1352
México;15025;Chalco;3738
México;15026;Chapa de Mota;78
México;15027;Chapultepec;127
México;15028;Chiautla;193
México;15029;Chicoloapan;1068
México;15030;Chiconcuac;222
México;15031;Chimalhuacán;4130
México;15032;Donato Guerra;94
México;15033;Ecatepec de Morelos;10999
México;15034;Ecatzingo;28
México;15035;Huehuetoca;1344
México;15036;Hueypoxtla;150
México;15037;Huixquilucan;1349
México;15038;Isidro Fabela;78
México;15039;Ixtapaluca;3660
México;15040;Ixtapan de la Sal;230
México;15041;Ixtapan del Oro;5
México;15042;Ixtlahuaca;589
México;15043;Xalatlaco;139
México;15044;Jaltenco;129
México;15045;Jilotepec;551
México;15046;Jilotzingo;111
México;15047;Jiquipilco;246
México;15048;Jocotitlán;286
México;15049;Joquicingo;82
México;15050;Juchitepec;137
México;15051;Lerma;1077
México;15052;Malinalco;170
México;15053;Melchor Ocampo;382
México;15054;Metepec;2184
México;15055;Mexicaltzingo;98
México;15056;Morelos;98
México;15057;Naucalpan de Juárez;6298
México;15058;Nezahualcóyotl;6223
México;15059;Nextlalpan;392
México;15060;Nicolás Romero;2286
México;15061;Nopaltepec;111
México;15062;Ocoyoacac;517
México;15063;Ocuilan;170
México;15064;El Oro;140
México;15065;Otumba;239
México;15066;Otzoloapan;7
México;15067;Otzolotepec;385
México;15068;Ozumba;169
México;15069;Papalotla;30
México;15070;La Paz;2148
México;15071;Polotitlán;94
México;15072;Rayón;69
México;15073;San Antonio la Isla;148
México;15074;San Felipe del Progreso;266
México;15075;San Martín de las Pirámides;199
México;15076;San Mateo Atenco;743
México;15077;San Simón de Guerrero;12
México;15078;Santo Tomás;29
México;15079;Soyaniquilpan de Juárez;106
México;15080;Sultepec;48
México;15081;Tecámac;3572
México;15082;Tejupilco;238
México;15083;Temamatla;88
México;15084;Temascalapa;175
México;15085;Temascalcingo;245
México;15086;Temascaltepec;56
México;15087;Temoaya;389
México;15088;Tenancingo;784
México;15089;Tenango del Aire;61
México;15090;Tenango del Valle;573
México;15091;Teoloyucan;614
México;15092;Teotihuacán;441
México;15093;Tepetlaoxtoc;159
México;15094;Tepetlixpa;113
México;15095;Tepotzotlán;715
México;15096;Tequixquiac;160
México;15097;Texcaltitlán;41
México;15098;Texcalyacac;27
México;15099;Texcoco;2395
México;15100;Tezoyuca;375
México;15101;Tianguistenco;456
México;15102;Timilpan;61
México;15103;Tlalmanalco;314
México;15104;Tlalnepantla de Baz;4944
México;15105;Tlatlaya;10
México;15106;Toluca;8497
México;15107;Tonatico;73
México;15108;Tultepec;1043
México;15109;Tultitlán;3237
México;15110;Valle de Bravo;542
México;15111;Villa de Allende;120
México;15112;Villa del Carbón;182
México;15113;Villa Guerrero;256
México;15114;Villa Victoria;337
México;15115;Xonacatlán;394
México;15116;Zacazonapan;7
México;15117;Zacualpan;20
México;15118;Zinacantepec;1197
México;15119;Zumpahuacán;66
México;15120;Zumpango;2393
México;15121;Cuautitlán Izcalli;5009
México;15122;Valle de Chalco Solidaridad;2650
México;15123;Luvianos;35
México;15124;San José del Rincón;177
México;15125;Tonanitla;82
México;15999;No especificado;0
Michoacán de Ocampo;16001;Acuitzio;45
Michoacán de Ocampo;16002;Aguililla;11
Michoacán de Ocampo;16003;Álvaro Obregón;56
Michoacán de Ocampo;16004;Angamacutiro;26
Michoacán de Ocampo;16005;Angangueo;31
Michoacán de Ocampo;16006;Apatzingán;608
Michoacán de Ocampo;16007;Aporo;7
Michoacán de Ocampo;16008;Aquila;32
Michoacán de Ocampo;16009;Ario;111
Michoacán de Ocampo;16010;Arteaga;34
Michoacán de Ocampo;16011;Briseñas;8
Michoacán de Ocampo;16012;Buenavista;105
Michoacán de Ocampo;16013;Carácuaro;4
Michoacán de Ocampo;16014;Coahuayana;40
Michoacán de Ocampo;16015;Coalcomán de Vázquez Pallares;41
Michoacán de Ocampo;16016;Coeneo;26
Michoacán de Ocampo;16017;Contepec;43
Michoacán de Ocampo;16018;Copándaro;34
Michoacán de Ocampo;16019;Cotija;29
Michoacán de Ocampo;16020;Cuitzeo;74
Michoacán de Ocampo;16021;Charapan;18
Michoacán de Ocampo;16022;Charo;135
Michoacán de Ocampo;16023;Chavinda;13
Michoacán de Ocampo;16024;Cherán;20
Michoacán de Ocampo;16025;Chilchota;73
Michoacán de Ocampo;16026;Chinicuila;13
Michoacán de Ocampo;16027;Chucándiro;8
Michoacán de Ocampo;16028;Churintzio;15
Michoacán de Ocampo;16029;Churumuco;5
Michoacán de Ocampo;16030;Ecuandureo;32
Michoacán de Ocampo;16031;Epitacio Huerta;15
Michoacán de Ocampo;16032;Erongarícuaro;38
Michoacán de Ocampo;16033;Gabriel Zamora;32
Michoacán de Ocampo;16034;Hidalgo;234
Michoacán de Ocampo;16035;La Huacana;12
Michoacán de Ocampo;16036;Huandacareo;23
Michoacán de Ocampo;16037;Huaniqueo;8
Michoacán de Ocampo;16038;Huetamo;127
Michoacán de Ocampo;16039;Huiramba;18
Michoacán de Ocampo;16040;Indaparapeo;34
Michoacán de Ocampo;16041;Irimbo;23
Michoacán de Ocampo;16042;Ixtlán;21
Michoacán de Ocampo;16043;Jacona;325
Michoacán de Ocampo;16044;Jiménez;17
Michoacán de Ocampo;16045;Jiquilpan;160
Michoacán de Ocampo;16046;Juárez;13
Michoacán de Ocampo;16047;Jungapeo;26
Michoacán de Ocampo;16048;Lagunillas;31
Michoacán de Ocampo;16049;Madero;58
Michoacán de Ocampo;16050;Maravatío;175
Michoacán de Ocampo;16051;Marcos Castellanos;25
Michoacán de Ocampo;16052;Lázaro Cárdenas;934
Michoacán de Ocampo;16053;Morelia;5922
Michoacán de Ocampo;16054;Morelos;25
Michoacán de Ocampo;16055;Múgica;107
Michoacán de Ocampo;16056;Nahuatzen;46
Michoacán de Ocampo;16057;Nocupétaro;18
Michoacán de Ocampo;16058;Nuevo Parangaricutiro;30
Michoacán de Ocampo;16059;Nuevo Urecho;13
Michoacán de Ocampo;16060;Numarán;39
Michoacán de Ocampo;16061;Ocampo;32
Michoacán de Ocampo;16062;Pajacuarán;18
Michoacán de Ocampo;16063;Panindícuaro;13
Michoacán de Ocampo;16064;Parácuaro;51
Michoacán de Ocampo;16065;Paracho;71
Michoacán de Ocampo;16066;Pátzcuaro;448
Michoacán de Ocampo;16067;Penjamillo;21
Michoacán de Ocampo;16068;Peribán;47
Michoacán de Ocampo;16069;La Piedad;549
Michoacán de Ocampo;16070;Purépero;22
Michoacán de Ocampo;16071;Puruándiro;161
Michoacán de Ocampo;16072;Queréndaro;56
Michoacán de Ocampo;16073;Quiroga;99
Michoacán de Ocampo;16074;Cojumatlán de Régules;8
Michoacán de Ocampo;16075;Los Reyes;145
Michoacán de Ocampo;16076;Sahuayo;242
Michoacán de Ocampo;16077;San Lucas;9
Michoacán de Ocampo;16078;Santa Ana Maya;13
Michoacán de Ocampo;16079;Salvador Escalante;152
Michoacán de Ocampo;16080;Senguio;19
Michoacán de Ocampo;16081;Susupuato;2
Michoacán de Ocampo;16082;Tacámbaro;164
Michoacán de Ocampo;16083;Tancítaro;58
Michoacán de Ocampo;16084;Tangamandapio;61
Michoacán de Ocampo;16085;Tangancícuaro;79
Michoacán de Ocampo;16086;Tanhuato;26
Michoacán de Ocampo;16087;Taretan;44
Michoacán de Ocampo;16088;Tarímbaro;493
Michoacán de Ocampo;16089;Tepalcatepec;44
Michoacán de Ocampo;16090;Tingambato;72
Michoacán de Ocampo;16091;Tingüindín;39
Michoacán de Ocampo;16092;Tiquicheo de Nicolás Romero;6
Michoacán de Ocampo;16093;Tlalpujahua;76
Michoacán de Ocampo;16094;Tlazazalca;11
Michoacán de Ocampo;16095;Tocumbo;18
Michoacán de Ocampo;16096;Tumbiscatío;2
Michoacán de Ocampo;16097;Turicato;20
Michoacán de Ocampo;16098;Tuxpan;50
Michoacán de Ocampo;16099;Tuzantla;16
Michoacán de Ocampo;16100;Tzintzuntzan;55
Michoacán de Ocampo;16101;Tzitzio;15
Michoacán de Ocampo;16102;Uruapan;1861
Michoacán de Ocampo;16103;Venustiano Carranza;46
Michoacán de Ocampo;16104;Villamar;40
Michoacán de Ocampo;16105;Vista Hermosa;37
Michoacán de Ocampo;16106;Yurécuaro;77
Michoacán de Ocampo;16107;Zacapu;143
Michoacán de Ocampo;16108;Zamora;865
Michoacán de Ocampo;16109;Zináparo;2
Michoacán de Ocampo;16110;Zinapécuaro;134
Michoacán de Ocampo;16111;Ziracuaretiro;52
Michoacán de Ocampo;16112;Zitácuaro;692
Michoacán de Ocampo;16113;José Sixto Verduzco;39
Michoacán de Ocampo;16999;No especificado;0
Morelos;17001;Amacuzac;38
Morelos;17002;Atlatlahucan;101
Morelos;17003;Axochiapan;139
Morelos;17004;Ayala;355
Morelos;17005;Coatlán del Río;17
Morelos;17006;Cuautla;2529
Morelos;17007;Cuernavaca;4408
Morelos;17008;Emiliano Zapata;806
Morelos;17009;Huitzilac;279
Morelos;17010;Jantetelco;68
Morelos;17011;Jiutepec;1498
Morelos;17012;Jojutla;710
Morelos;17013;Jonacatepec de Leandro Valle;90
Morelos;17014;Mazatepec;76
Morelos;17015;Miacatlán;49
Morelos;17016;Ocuituco;50
Morelos;17017;Puente de Ixtla;256
Morelos;17018;Temixco;1039
Morelos;17019;Tepalcingo;128
Morelos;17020;Tepoztlán;323
Morelos;17021;Tetecala;99
Morelos;17022;Tetela del Volcán;30
Morelos;17023;Tlalnepantla;84
Morelos;17024;Tlaltizapán de Zapata;176
Morelos;17025;Tlaquiltenango;139
Morelos;17026;Tlayacapan;120
Morelos;17027;Totolapan;35
Morelos;17028;Xochitepec;614
Morelos;17029;Yautepec;887
Morelos;17030;Yecapixtla;308
Morelos;17031;Zacatepec;187
Morelos;17032;Zacualpan de Amilpas;12
Morelos;17033;Temoac;62
Morelos;17034;Coatetelco;36
Morelos;17035;Xoxocotla;42
Morelos;17036;Hueyapan;4
Morelos;17999;No especificado;0
Nayarit;18001;Acaponeta;154
Nayarit;18002;Ahuacatlán;24
Nayarit;18003;Amatlán de Cañas;39
Nayarit;18004;Compostela;241
Nayarit;18005;Huajicori;20
Nayarit;18006;Ixtlán del Río;77
Nayarit;18007;Jala;24
Nayarit;18008;Xalisco;110
Nayarit;18009;Del Nayar;12
Nayarit;18010;Rosamorada;96
Nayarit;18011;Ruíz;40
Nayarit;18012;San Blas;59
Nayarit;18013;San Pedro Lagunillas;39
Nayarit;18014;Santa María del Oro;21
Nayarit;18015;Santiago Ixcuintla;170
Nayarit;18016;Tecuala;89
Nayarit;18017;Tepic;1678
Nayarit;18018;Tuxpan;57
Nayarit;18019;La Yesca;12
Nayarit;18020;Bahía de Banderas;411
Nayarit;18999;No especificado;0
Nuevo León;19001;Abasolo;20
Nuevo León;19002;Agualeguas;3
Nuevo León;19003;Los Aldamas;0
Nuevo León;19004;Allende;123
Nuevo León;19005;Anáhuac;66
Nuevo León;19006;Apodaca;2224
Nuevo León;19007;Aramberri;30
Nuevo León;19008;Bustamante;21
Nuevo León;19009;Cadereyta Jiménez;504
Nuevo León;19010;El Carmen;511
Nuevo León;19011;Cerralvo;27
Nuevo León;19012;Ciénega de Flores;390
Nuevo León;19013;China;33
Nuevo León;19014;Doctor Arroyo;98
Nuevo León;19015;Doctor Coss;3
Nuevo León;19016;Doctor González;15
Nuevo León;19017;Galeana;140
Nuevo León;19018;García;1748
Nuevo León;19019;San Pedro Garza García;583
Nuevo León;19020;General Bravo;28
Nuevo León;19021;General Escobedo;1619
Nuevo León;19022;General Terán;52
Nuevo León;19023;General Treviño;4
Nuevo León;19024;General Zaragoza;12
Nuevo León;19025;General Zuazua;391
Nuevo León;19026;Guadalupe;2180
Nuevo León;19027;Los Herreras;6
Nuevo León;19028;Higueras;8
Nuevo León;19029;Hualahuises;15
Nuevo León;19030;Iturbide;5
Nuevo León;19031;Juárez;2036
Nuevo León;19032;Lampazos de Naranjo;34
Nuevo León;19033;Linares;289
Nuevo León;19034;Marín;12
Nuevo León;19035;Melchor Ocampo;1
Nuevo León;19036;Mier y Noriega;9
Nuevo León;19037;Mina;17
Nuevo León;19038;Montemorelos;321
Nuevo León;19039;Monterrey;6033
Nuevo León;19040;Parás;2
Nuevo León;19041;Pesquería;656
Nuevo León;19042;Los Ramones;27
Nuevo León;19043;Rayones;8
Nuevo León;19044;Sabinas Hidalgo;132
Nuevo León;19045;Salinas Victoria;562
Nuevo León;19046;San Nicolás de los Garza;1319
Nuevo León;19047;Hidalgo;50
Nuevo León;19048;Santa Catarina;875
Nuevo León;19049;Santiago;262
Nuevo León;19050;Vallecillo;37
Nuevo León;19051;Villaldama;25
Nuevo León;19999;No especificado;0
Oaxaca;20001;Abejones;0
Oaxaca;20002;Acatlán de Pérez Figueroa;61
Oaxaca;20003;Asunción Cacalotepec;1
Oaxaca;20004;Asunción Cuyotepeji;3
Oaxaca;20005;Asunción Ixtaltepec;26
Oaxaca;20006;Asunción Nochixtlán;58
Oaxaca;20007;Asunción Ocotlán;7
Oaxaca;20008;Asunción Tlacolulita;0
Oaxaca;20009;Ayotzintepec;16
Oaxaca;20010;El Barrio de la Soledad;16
Oaxaca;20011;Calihualá;3
Oaxaca;20012;Candelaria Loxicha;9
Oaxaca;20013;Ciénega de Zimatlán;4
Oaxaca;20014;Ciudad Ixtepec;73
Oaxaca;20015;Coatecas Altas;2
Oaxaca;20016;Coicoyán de las Flores;1
Oaxaca;20017;La Compañía;3
Oaxaca;20018;Concepción Buenavista;1
Oaxaca;20019;Concepción Pápalo;3
Oaxaca;20020;Constancia del Rosario;1
Oaxaca;20021;Cosolapa;16
Oaxaca;20022;Cosoltepec;0
Oaxaca;20023;Cuilápam de Guerrero;65
Oaxaca;20024;Cuyamecalco Villa de Zaragoza;1
Oaxaca;20025;Chahuites;14
Oaxaca;20026;Chalcatongo de Hidalgo;18
Oaxaca;20027;Chiquihuitlán de Benito Juárez;2
Oaxaca;20028;Heroica Ciudad de Ejutla de Crespo;72
Oaxaca;20029;Eloxochitlán de Flores Magón;4
Oaxaca;20030;El Espinal;26
Oaxaca;20031;Tamazulápam del Espíritu Santo;9
Oaxaca;20032;Fresnillo de Trujano;0
Oaxaca;20033;Guadalupe Etla;3
Oaxaca;20034;Guadalupe de Ramírez;2
Oaxaca;20035;Guelatao de Juárez;2
Oaxaca;20036;Guevea de Humboldt;1
Oaxaca;20037;Mesones Hidalgo;3
Oaxaca;20038;Villa Hidalgo Yalálag;0
Oaxaca;20039;Heroica Ciudad de Huajuapan de León;341
Oaxaca;20040;Huautepec;4
Oaxaca;20041;Huautla de Jiménez;43
Oaxaca;20042;Ixtlán de Juárez;21
Oaxaca;20043;Heroica Ciudad de Juchitán de Zaragoza;339
Oaxaca;20044;Loma Bonita;67
Oaxaca;20045;Magdalena Apasco;13
Oaxaca;20046;Magdalena Jaltepec;2
Oaxaca;20047;Santa Magdalena Jicotlán;0
Oaxaca;20048;Magdalena Mixtepec;1
Oaxaca;20049;Magdalena Ocotlán;4
Oaxaca;20050;Magdalena Peñasco;1
Oaxaca;20051;Magdalena Teitipac;9
Oaxaca;20052;Magdalena Tequisistlán;8
Oaxaca;20053;Magdalena Tlacotepec;2
Oaxaca;20054;Magdalena Zahuatlán;0
Oaxaca;20055;Mariscala de Juárez;2
Oaxaca;20056;Mártires de Tacubaya;2
Oaxaca;20057;Matías Romero Avendaño;68
Oaxaca;20058;Mazatlán Villa de Flores;20
Oaxaca;20059;Heroica Ciudad de Miahuatlán de Porfirio Díaz;130
Oaxaca;20060;Mixistlán de la Reforma;1
Oaxaca;20061;Monjas;1
Oaxaca;20062;Natividad;1
Oaxaca;20063;Nazareno Etla;6
Oaxaca;20064;Nejapa de Madero;4
Oaxaca;20065;Ixpantepec Nieves;1
Oaxaca;20066;Santiago Niltepec;10
Oaxaca;20067;Oaxaca de Juárez;1568
Oaxaca;20068;Ocotlán de Morelos;83
Oaxaca;20069;La Pe;3
Oaxaca;20070;Pinotepa de Don Luis;16
Oaxaca;20071;Pluma Hidalgo;3
Oaxaca;20072;San José del Progreso;4
Oaxaca;20073;Putla Villa de Guerrero;75
Oaxaca;20074;Santa Catarina Quioquitani;1
Oaxaca;20075;Reforma de Pineda;6
Oaxaca;20076;La Reforma;1
Oaxaca;20077;Reyes Etla;16
Oaxaca;20078;Rojas de Cuauhtémoc;1
Oaxaca;20079;Salina Cruz;318
Oaxaca;20080;San Agustín Amatengo;6
Oaxaca;20081;San Agustín Atenango;0
Oaxaca;20082;San Agustín Chayuco;2
Oaxaca;20083;San Agustín de las Juntas;31
Oaxaca;20084;San Agustín Etla;9
Oaxaca;20085;San Agustín Loxicha;10
Oaxaca;20086;San Agustín Tlacotepec;0
Oaxaca;20087;San Agustín Yatareni;15
Oaxaca;20088;San Andrés Cabecera Nueva;2
Oaxaca;20089;San Andrés Dinicuiti;4
Oaxaca;20090;San Andrés Huaxpaltepec;6
Oaxaca;20091;San Andrés Huayápam;14
Oaxaca;20092;San Andrés Ixtlahuaca;1
Oaxaca;20093;San Andrés Lagunas;0
Oaxaca;20094;San Andrés Nuxiño;0
Oaxaca;20095;San Andrés Paxtlán;1
Oaxaca;20096;San Andrés Sinaxtla;0
Oaxaca;20097;San Andrés Solaga;0
Oaxaca;20098;San Andrés Teotilálpam;1
Oaxaca;20099;San Andrés Tepetlapa;0
Oaxaca;20100;San Andrés Yaá;0
Oaxaca;20101;San Andrés Zabache;0
Oaxaca;20102;San Andrés Zautla;9
Oaxaca;20103;San Antonino Castillo Velasco;16
Oaxaca;20104;San Antonino el Alto;1
Oaxaca;20105;San Antonino Monte Verde;0
Oaxaca;20106;San Antonio Acutla;0
Oaxaca;20107;San Antonio de la Cal;69
Oaxaca;20108;San Antonio Huitepec;0
Oaxaca;20109;San Antonio Nanahuatípam;1
Oaxaca;20110;San Antonio Sinicahua;2
Oaxaca;20111;San Antonio Tepetlapa;3
Oaxaca;20112;San Baltazar Chichicápam;4
Oaxaca;20113;San Baltazar Loxicha;1
Oaxaca;20114;San Baltazar Yatzachi el Bajo;0
Oaxaca;20115;San Bartolo Coyotepec;65
Oaxaca;20116;San Bartolomé Ayautla;3
Oaxaca;20117;San Bartolomé Loxicha;1
Oaxaca;20118;San Bartolomé Quialana;2
Oaxaca;20119;San Bartolomé Yucuañe;0
Oaxaca;20120;San Bartolomé Zoogocho;2
Oaxaca;20121;San Bartolo Soyaltepec;0
Oaxaca;20122;San Bartolo Yautepec;0
Oaxaca;20123;San Bernardo Mixtepec;2
Oaxaca;20124;Heroica Villa de San Blas Atempa;33
Oaxaca;20125;San Carlos Yautepec;9
Oaxaca;20126;San Cristóbal Amatlán;2
Oaxaca;20127;San Cristóbal Amoltepec;1
Oaxaca;20128;San Cristóbal Lachirioag;0
Oaxaca;20129;San Cristóbal Suchixtlahuaca;0
Oaxaca;20130;San Dionisio del Mar;3
Oaxaca;20131;San Dionisio Ocotepec;3
Oaxaca;20132;San Dionisio Ocotlán;5
Oaxaca;20133;San Esteban Atatlahuca;0
Oaxaca;20134;San Felipe Jalapa de Díaz;21
Oaxaca;20135;San Felipe Tejalápam;5
Oaxaca;20136;San Felipe Usila;3
Oaxaca;20137;San Francisco Cahuacuá;1
Oaxaca;20138;San Francisco Cajonos;0
Oaxaca;20139;San Francisco Chapulapa;1
Oaxaca;20140;San Francisco Chindúa;0
Oaxaca;20141;San Francisco del Mar;5
Oaxaca;20142;San Francisco Huehuetlán;0
Oaxaca;20143;San Francisco Ixhuatán;13
Oaxaca;20144;San Francisco Jaltepetongo;0
Oaxaca;20145;San Francisco Lachigoló;26
Oaxaca;20146;San Francisco Logueche;0
Oaxaca;20147;San Francisco Nuxaño;0
Oaxaca;20148;San Francisco Ozolotepec;0
Oaxaca;20149;San Francisco Sola;4
Oaxaca;20150;San Francisco Telixtlahuaca;26
Oaxaca;20151;San Francisco Teopan;0
Oaxaca;20152;San Francisco Tlapancingo;2
Oaxaca;20153;San Gabriel Mixtepec;7
Oaxaca;20154;San Ildefonso Amatlán;3
Oaxaca;20155;San Ildefonso Sola;1
Oaxaca;20156;San Ildefonso Villa Alta;13
Oaxaca;20157;San Jacinto Amilpas;55
Oaxaca;20158;San Jacinto Tlacotepec;2
Oaxaca;20159;San Jerónimo Coatlán;0
Oaxaca;20160;San Jerónimo Silacayoapilla;4
Oaxaca;20161;San Jerónimo Sosola;2
Oaxaca;20162;San Jerónimo Taviche;0
Oaxaca;20163;San Jerónimo Tecóatl;1
Oaxaca;20164;San Jorge Nuchita;1
Oaxaca;20165;San José Ayuquila;0
Oaxaca;20166;San José Chiltepec;26
Oaxaca;20167;San José del Peñasco;2
Oaxaca;20168;San José Estancia Grande;2
Oaxaca;20169;San José Independencia;2
Oaxaca;20170;San José Lachiguiri;1
Oaxaca;20171;San José Tenango;2
Oaxaca;20172;San Juan Achiutla;0
Oaxaca;20173;San Juan Atepec;1
Oaxaca;20174;Ánimas Trujano;19
Oaxaca;20175;San Juan Bautista Atatlahuca;3
Oaxaca;20176;San Juan Bautista Coixtlahuaca;5
Oaxaca;20177;San Juan Bautista Cuicatlán;28
Oaxaca;20178;San Juan Bautista Guelache;14
Oaxaca;20179;San Juan Bautista Jayacatlán;1
Oaxaca;20180;San Juan Bautista Lo de Soto;4
Oaxaca;20181;San Juan Bautista Suchitepec;0
Oaxaca;20182;San Juan Bautista Tlacoatzintepec;7
Oaxaca;20183;San Juan Bautista Tlachichilco;0
Oaxaca;20184;San Juan Bautista Tuxtepec;460
Oaxaca;20185;San Juan Cacahuatepec;13
Oaxaca;20186;San Juan Cieneguilla;0
Oaxaca;20187;San Juan Coatzóspam;0
Oaxaca;20188;San Juan Colorado;4
Oaxaca;20189;San Juan Comaltepec;1
Oaxaca;20190;San Juan Cotzocón;29
Oaxaca;20191;San Juan Chicomezúchil;0
Oaxaca;20192;San Juan Chilateca;5
Oaxaca;20193;San Juan del Estado;5
Oaxaca;20194;San Juan del Río;0
Oaxaca;20195;San Juan Diuxi;1
Oaxaca;20196;San Juan Evangelista Analco;1
Oaxaca;20197;San Juan Guelavía;9
Oaxaca;20198;San Juan Guichicovi;32
Oaxaca;20199;San Juan Ihualtepec;0
Oaxaca;20200;San Juan Juquila Mixes;3
Oaxaca;20201;San Juan Juquila Vijanos;1
Oaxaca;20202;San Juan Lachao;4
Oaxaca;20203;San Juan Lachigalla;3
Oaxaca;20204;San Juan Lajarcia;1
Oaxaca;20205;San Juan Lalana;8
Oaxaca;20206;San Juan de los Cués;5
Oaxaca;20207;San Juan Mazatlán;7
Oaxaca;20208;San Juan Mixtepec;2
Oaxaca;20209;San Juan Mixtepec;0
Oaxaca;20210;San Juan Ñumí;5
Oaxaca;20211;San Juan Ozolotepec;1
Oaxaca;20212;San Juan Petlapa;0
Oaxaca;20213;San Juan Quiahije;3
Oaxaca;20214;San Juan Quiotepec;3
Oaxaca;20215;San Juan Sayultepec;0
Oaxaca;20216;San Juan Tabaá;0
Oaxaca;20217;San Juan Tamazola;5
Oaxaca;20218;San Juan Teita;0
Oaxaca;20219;San Juan Teitipac;3
Oaxaca;20220;San Juan Tepeuxila;1
Oaxaca;20221;San Juan Teposcolula;2
Oaxaca;20222;San Juan Yaeé;0
Oaxaca;20223;San Juan Yatzona;0
Oaxaca;20224;San Juan Yucuita;0
Oaxaca;20225;San Lorenzo;10
Oaxaca;20226;San Lorenzo Albarradas;3
Oaxaca;20227;San Lorenzo Cacaotepec;37
Oaxaca;20228;San Lorenzo Cuaunecuiltitla;1
Oaxaca;20229;San Lorenzo Texmelúcan;3
Oaxaca;20230;San Lorenzo Victoria;1
Oaxaca;20231;San Lucas Camotlán;1
Oaxaca;20232;San Lucas Ojitlán;24
Oaxaca;20233;San Lucas Quiaviní;1
Oaxaca;20234;San Lucas Zoquiápam;2
Oaxaca;20235;San Luis Amatlán;1
Oaxaca;20236;San Marcial Ozolotepec;0
Oaxaca;20237;San Marcos Arteaga;1
Oaxaca;20238;Heroico San Martín de los Cansecos;1
Oaxaca;20239;San Martín Huamelúlpam;2
Oaxaca;20240;San Martín Itunyoso;3
Oaxaca;20241;San Martín Lachilá;0
Oaxaca;20242;San Martín Peras;4
Oaxaca;20243;San Martín Tilcajete;3
Oaxaca;20244;San Martín Toxpalan;5
Oaxaca;20245;San Martín Zacatepec;6
Oaxaca;20246;San Mateo Cajonos;2
Oaxaca;20247;Capulálpam de Méndez;1
Oaxaca;20248;San Mateo del Mar;4
Oaxaca;20249;San Mateo Yoloxochitlán;1
Oaxaca;20250;San Mateo Etlatongo;1
Oaxaca;20251;San Mateo Nejápam;1
Oaxaca;20252;San Mateo Peñasco;0
Oaxaca;20253;San Mateo Piñas;1
Oaxaca;20254;San Mateo Río Hondo;7
Oaxaca;20255;San Mateo Sindihui;1
Oaxaca;20256;San Mateo Tlapiltepec;0
Oaxaca;20257;San Melchor Betaza;0
Oaxaca;20258;San Miguel Achiutla;0
Oaxaca;20259;San Miguel Ahuehuetitlán;3
Oaxaca;20260;San Miguel Aloápam;3
Oaxaca;20261;San Miguel Amatitlán;9
Oaxaca;20262;San Miguel Amatlán;2
Oaxaca;20263;San Miguel Coatlán;2
Oaxaca;20264;San Miguel Chicahua;0
Oaxaca;20265;San Miguel Chimalapa;1
Oaxaca;20266;San Miguel del Puerto;16
Oaxaca;20267;San Miguel del Río;0
Oaxaca;20268;San Miguel Ejutla;1
Oaxaca;20269;San Miguel el Grande;2
Oaxaca;20270;San Miguel Huautla;0
Oaxaca;20271;San Miguel Mixtepec;0
Oaxaca;20272;San Miguel Panixtlahuaca;14
Oaxaca;20273;San Miguel Peras;3
Oaxaca;20274;San Miguel Piedras;0
Oaxaca;20275;San Miguel Quetzaltepec;4
Oaxaca;20276;San Miguel Santa Flor;0
Oaxaca;20277;Villa Sola de Vega;13
Oaxaca;20278;San Miguel Soyaltepec;53
Oaxaca;20279;San Miguel Suchixtepec;0
Oaxaca;20280;Villa Talea de Castro;1
Oaxaca;20281;San Miguel Tecomatlán;0
Oaxaca;20282;San Miguel Tenango;0
Oaxaca;20283;San Miguel Tequixtepec;0
Oaxaca;20284;San Miguel Tilquiápam;3
Oaxaca;20285;San Miguel Tlacamama;4
Oaxaca;20286;San Miguel Tlacotepec;2
Oaxaca;20287;San Miguel Tulancingo;0
Oaxaca;20288;San Miguel Yotao;0
Oaxaca;20289;San Nicolás;1
Oaxaca;20290;San Nicolás Hidalgo;1
Oaxaca;20291;San Pablo Coatlán;7
Oaxaca;20292;San Pablo Cuatro Venados;1
Oaxaca;20293;San Pablo Etla;34
Oaxaca;20294;San Pablo Huitzo;25
Oaxaca;20295;San Pablo Huixtepec;18
Oaxaca;20296;San Pablo Macuiltianguis;0
Oaxaca;20297;San Pablo Tijaltepec;0
Oaxaca;20298;San Pablo Villa de Mitla;27
Oaxaca;20299;San Pablo Yaganiza;0
Oaxaca;20300;San Pedro Amuzgos;6
Oaxaca;20301;San Pedro Apóstol;4
Oaxaca;20302;San Pedro Atoyac;5
Oaxaca;20303;San Pedro Cajonos;0
Oaxaca;20304;San Pedro Coxcaltepec Cántaros;0
Oaxaca;20305;San Pedro Comitancillo;10
Oaxaca;20306;San Pedro el Alto;4
Oaxaca;20307;San Pedro Huamelula;7
Oaxaca;20308;San Pedro Huilotepec;3
Oaxaca;20309;San Pedro Ixcatlán;5
Oaxaca;20310;San Pedro Ixtlahuaca;41
Oaxaca;20311;San Pedro Jaltepetongo;0
Oaxaca;20312;San Pedro Jicayán;20
Oaxaca;20313;San Pedro Jocotipac;0
Oaxaca;20314;San Pedro Juchatengo;1
Oaxaca;20315;San Pedro Mártir;3
Oaxaca;20316;San Pedro Mártir Quiechapa;0
Oaxaca;20317;San Pedro Mártir Yucuxaco;3
Oaxaca;20318;San Pedro Mixtepec;267
Oaxaca;20319;San Pedro Mixtepec;1
Oaxaca;20320;San Pedro Molinos;0
Oaxaca;20321;San Pedro Nopala;0
Oaxaca;20322;San Pedro Ocopetatillo;1
Oaxaca;20323;San Pedro Ocotepec;0
Oaxaca;20324;San Pedro Pochutla;139
Oaxaca;20325;San Pedro Quiatoni;2
Oaxaca;20326;San Pedro Sochiápam;4
Oaxaca;20327;San Pedro Tapanatepec;21
Oaxaca;20328;San Pedro Taviche;0
Oaxaca;20329;San Pedro Teozacoalco;2
Oaxaca;20330;San Pedro Teutila;1
Oaxaca;20331;San Pedro Tidaá;1
Oaxaca;20332;San Pedro Topiltepec;0
Oaxaca;20333;San Pedro Totolápam;9
Oaxaca;20334;Villa de Tututepec;89
Oaxaca;20335;San Pedro Yaneri;0
Oaxaca;20336;San Pedro Yólox;0
Oaxaca;20337;San Pedro y San Pablo Ayutla;11
Oaxaca;20338;Villa de Etla;64
Oaxaca;20339;San Pedro y San Pablo Teposcolula;14
Oaxaca;20340;San Pedro y San Pablo Tequixtepec;1
Oaxaca;20341;San Pedro Yucunama;0
Oaxaca;20342;San Raymundo Jalpan;18
Oaxaca;20343;San Sebastián Abasolo;1
Oaxaca;20344;San Sebastián Coatlán;4
Oaxaca;20345;San Sebastián Ixcapa;7
Oaxaca;20346;San Sebastián Nicananduta;1
Oaxaca;20347;San Sebastián Río Hondo;2
Oaxaca;20348;San Sebastián Tecomaxtlahuaca;5
Oaxaca;20349;San Sebastián Teitipac;2
Oaxaca;20350;San Sebastián Tutla;47
Oaxaca;20351;San Simón Almolongas;2
Oaxaca;20352;San Simón Zahuatlán;4
Oaxaca;20353;Santa Ana;0
Oaxaca;20354;Santa Ana Ateixtlahuaca;0
Oaxaca;20355;Santa Ana Cuauhtémoc;0
Oaxaca;20356;Santa Ana del Valle;2
Oaxaca;20357;Santa Ana Tavela;0
Oaxaca;20358;Santa Ana Tlapacoyan;1
Oaxaca;20359;Santa Ana Yareni;1
Oaxaca;20360;Santa Ana Zegache;9
Oaxaca;20361;Santa Catalina Quierí;0
Oaxaca;20362;Santa Catarina Cuixtla;0
Oaxaca;20363;Santa Catarina Ixtepeji;0
Oaxaca;20364;Santa Catarina Juquila;55
Oaxaca;20365;Santa Catarina Lachatao;0
Oaxaca;20366;Santa Catarina Loxicha;3
Oaxaca;20367;Santa Catarina Mechoacán;5
Oaxaca;20368;Santa Catarina Minas;3
Oaxaca;20369;Santa Catarina Quiané;6
Oaxaca;20370;Santa Catarina Tayata;0
Oaxaca;20371;Santa Catarina Ticuá;0
Oaxaca;20372;Santa Catarina Yosonotú;1
Oaxaca;20373;Santa Catarina Zapoquila;0
Oaxaca;20374;Santa Cruz Acatepec;8
Oaxaca;20375;Santa Cruz Amilpas;23
Oaxaca;20376;Santa Cruz de Bravo;1
Oaxaca;20377;Santa Cruz Itundujia;9
Oaxaca;20378;Santa Cruz Mixtepec;7
Oaxaca;20379;Santa Cruz Nundaco;1
Oaxaca;20380;Santa Cruz Papalutla;1
Oaxaca;20381;Santa Cruz Tacache de Mina;3
Oaxaca;20382;Santa Cruz Tacahua;0
Oaxaca;20383;Santa Cruz Tayata;0
Oaxaca;20384;Santa Cruz Xitla;2
Oaxaca;20385;Santa Cruz Xoxocotlán;286
Oaxaca;20386;Santa Cruz Zenzontepec;0
Oaxaca;20387;Santa Gertrudis;7
Oaxaca;20388;Santa Inés del Monte;3
Oaxaca;20389;Santa Inés Yatzeche;1
Oaxaca;20390;Santa Lucía del Camino;164
Oaxaca;20391;Santa Lucía Miahuatlán;2
Oaxaca;20392;Santa Lucía Monteverde;2
Oaxaca;20393;Santa Lucía Ocotlán;6
Oaxaca;20394;Santa María Alotepec;5
Oaxaca;20395;Santa María Apazco;3
Oaxaca;20396;Santa María la Asunción;0
Oaxaca;20397;Heroica Ciudad de Tlaxiaco;90
Oaxaca;20398;Ayoquezco de Aldama;4
Oaxaca;20399;Santa María Atzompa;96
Oaxaca;20400;Santa María Camotlán;2
Oaxaca;20401;Santa María Colotepec;147
Oaxaca;20402;Santa María Cortijo;5
Oaxaca;20403;Santa María Coyotepec;8
Oaxaca;20404;Santa María Chachoápam;0
Oaxaca;20405;Villa de Chilapa de Díaz;1
Oaxaca;20406;Santa María Chilchotla;11
Oaxaca;20407;Santa María Chimalapa;0
Oaxaca;20408;Santa María del Rosario;0
Oaxaca;20409;Santa María del Tule;16
Oaxaca;20410;Santa María Ecatepec;1
Oaxaca;20411;Santa María Guelacé;0
Oaxaca;20412;Santa María Guienagati;1
Oaxaca;20413;Santa María Huatulco;170
Oaxaca;20414;Santa María Huazolotitlán;21
Oaxaca;20415;Santa María Ipalapa;8
Oaxaca;20416;Santa María Ixcatlán;0
Oaxaca;20417;Santa María Jacatepec;20
Oaxaca;20418;Santa María Jalapa del Marqués;18
Oaxaca;20419;Santa María Jaltianguis;3
Oaxaca;20420;Santa María Lachixío;2
Oaxaca;20421;Santa María Mixtequilla;9
Oaxaca;20422;Santa María Nativitas;0
Oaxaca;20423;Santa María Nduayaco;1
Oaxaca;20424;Santa María Ozolotepec;0
Oaxaca;20425;Santa María Pápalo;1
Oaxaca;20426;Santa María Peñoles;3
Oaxaca;20427;Santa María Petapa;20
Oaxaca;20428;Santa María Quiegolani;0
Oaxaca;20429;Santa María Sola;1
Oaxaca;20430;Santa María Tataltepec;0
Oaxaca;20431;Santa María Tecomavaca;3
Oaxaca;20432;Santa María Temaxcalapa;0
Oaxaca;20433;Santa María Temaxcaltepec;3
Oaxaca;20434;Santa María Teopoxco;1
Oaxaca;20435;Santa María Tepantlali;1
Oaxaca;20436;Santa María Texcatitlán;0
Oaxaca;20437;Santa María Tlahuitoltepec;4
Oaxaca;20438;Santa María Tlalixtac;1
Oaxaca;20439;Santa María Tonameca;58
Oaxaca;20440;Santa María Totolapilla;0
Oaxaca;20441;Santa María Xadani;3
Oaxaca;20442;Santa María Yalina;0
Oaxaca;20443;Santa María Yavesía;1
Oaxaca;20444;Santa María Yolotepec;0
Oaxaca;20445;Santa María Yosoyúa;2
Oaxaca;20446;Santa María Yucuhiti;0
Oaxaca;20447;Santa María Zacatepec;17
Oaxaca;20448;Santa María Zaniza;3
Oaxaca;20449;Santa María Zoquitlán;2
Oaxaca;20450;Santiago Amoltepec;2
Oaxaca;20451;Santiago Apoala;0
Oaxaca;20452;Santiago Apóstol;0
Oaxaca;20453;Santiago Astata;4
Oaxaca;20454;Santiago Atitlán;7
Oaxaca;20455;Santiago Ayuquililla;3
Oaxaca;20456;Santiago Cacaloxtepec;3
Oaxaca;20457;Santiago Camotlán;1
Oaxaca;20458;Santiago Comaltepec;0
Oaxaca;20459;Villa de Santiago Chazumba;7
Oaxaca;20460;Santiago Choápam;0
Oaxaca;20461;Santiago del Río;3
Oaxaca;20462;Santiago Huajolotitlán;4
Oaxaca;20463;Santiago Huauclilla;0
Oaxaca;20464;Santiago Ihuitlán Plumas;0
Oaxaca;20465;Santiago Ixcuintepec;0
Oaxaca;20466;Santiago Ixtayutla;11
Oaxaca;20467;Santiago Jamiltepec;69
Oaxaca;20468;Santiago Jocotepec;16
Oaxaca;20469;Santiago Juxtlahuaca;34
Oaxaca;20470;Santiago Lachiguiri;1
Oaxaca;20471;Santiago Lalopa;0
Oaxaca;20472;Santiago Laollaga;9
Oaxaca;20473;Santiago Laxopa;2
Oaxaca;20474;Santiago Llano Grande;5
Oaxaca;20475;Santiago Matatlán;12
Oaxaca;20476;Santiago Miltepec;1
Oaxaca;20477;Santiago Minas;1
Oaxaca;20478;Santiago Nacaltepec;0
Oaxaca;20479;Santiago Nejapilla;1
Oaxaca;20480;Santiago Nundiche;0
Oaxaca;20481;Santiago Nuyoó;1
Oaxaca;20482;Santiago Pinotepa Nacional;167
Oaxaca;20483;Santiago Suchilquitongo;18
Oaxaca;20484;Santiago Tamazola;2
Oaxaca;20485;Santiago Tapextla;1
Oaxaca;20486;Villa Tejúpam de la Unión;2
Oaxaca;20487;Santiago Tenango;2
Oaxaca;20488;Santiago Tepetlapa;0
Oaxaca;20489;Santiago Tetepec;6
Oaxaca;20490;Santiago Texcalcingo;2
Oaxaca;20491;Santiago Textitlán;1
Oaxaca;20492;Santiago Tilantongo;3
Oaxaca;20493;Santiago Tillo;1
Oaxaca;20494;Santiago Tlazoyaltepec;1
Oaxaca;20495;Santiago Xanica;2
Oaxaca;20496;Santiago Xiacuí;1
Oaxaca;20497;Santiago Yaitepec;0
Oaxaca;20498;Santiago Yaveo;10
Oaxaca;20499;Santiago Yolomécatl;4
Oaxaca;20500;Santiago Yosondúa;2
Oaxaca;20501;Santiago Yucuyachi;1
Oaxaca;20502;Santiago Zacatepec;1
Oaxaca;20503;Santiago Zoochila;0
Oaxaca;20504;Nuevo Zoquiápam;1
Oaxaca;20505;Santo Domingo Ingenio;4
Oaxaca;20506;Santo Domingo Albarradas;0
Oaxaca;20507;Santo Domingo Armenta;1
Oaxaca;20508;Santo Domingo Chihuitán;3
Oaxaca;20509;Santo Domingo de Morelos;6
Oaxaca;20510;Santo Domingo Ixcatlán;1
Oaxaca;20511;Santo Domingo Nuxaá;2
Oaxaca;20512;Santo Domingo Ozolotepec;0
Oaxaca;20513;Santo Domingo Petapa;9
Oaxaca;20514;Santo Domingo Roayaga;0
Oaxaca;20515;Santo Domingo Tehuantepec;201
Oaxaca;20516;Santo Domingo Teojomulco;0
Oaxaca;20517;Santo Domingo Tepuxtepec;0
Oaxaca;20518;Santo Domingo Tlatayápam;0
Oaxaca;20519;Santo Domingo Tomaltepec;1
Oaxaca;20520;Santo Domingo Tonalá;0
Oaxaca;20521;Santo Domingo Tonaltepec;0
Oaxaca;20522;Santo Domingo Xagacía;2
Oaxaca;20523;Santo Domingo Yanhuitlán;2
Oaxaca;20524;Santo Domingo Yodohino;0
Oaxaca;20525;Santo Domingo Zanatepec;20
Oaxaca;20526;Santos Reyes Nopala;17
Oaxaca;20527;Santos Reyes Pápalo;3
Oaxaca;20528;Santos Reyes Tepejillo;0
Oaxaca;20529;Santos Reyes Yucuná;0
Oaxaca;20530;Santo Tomás Jalieza;4
Oaxaca;20531;Santo Tomás Mazaltepec;2
Oaxaca;20532;Santo Tomás Ocotepec;0
Oaxaca;20533;Santo Tomás Tamazulapan;1
Oaxaca;20534;San Vicente Coatlán;0
Oaxaca;20535;San Vicente Lachixío;0
Oaxaca;20536;San Vicente Nuñú;0
Oaxaca;20537;Silacayoápam;6
Oaxaca;20538;Sitio de Xitlapehua;1
Oaxaca;20539;Soledad Etla;15
Oaxaca;20540;Villa de Tamazulápam del Progreso;12
Oaxaca;20541;Tanetze de Zaragoza;0
Oaxaca;20542;Taniche;0
Oaxaca;20543;Tataltepec de Valdés;1
Oaxaca;20544;Teococuilco de Marcos Pérez;2
Oaxaca;20545;Teotitlán de Flores Magón;48
Oaxaca;20546;Teotitlán del Valle;13
Oaxaca;20547;Teotongo;0
Oaxaca;20548;Tepelmeme Villa de Morelos;12
Oaxaca;20549;Heroica Villa Tezoatlán de Segura y Luna, Cuna de la Independencia de Oaxaca;15
Oaxaca;20550;San Jerónimo Tlacochahuaya;13
Oaxaca;20551;Tlacolula de Matamoros;161
Oaxaca;20552;Tlacotepec Plumas;1
Oaxaca;20553;Tlalixtac de Cabrera;23
Oaxaca;20554;Totontepec Villa de Morelos;3
Oaxaca;20555;Trinidad Zaachila;4
Oaxaca;20556;La Trinidad Vista Hermosa;0
Oaxaca;20557;Unión Hidalgo;22
Oaxaca;20558;Valerio Trujano;2
Oaxaca;20559;San Juan Bautista Valle Nacional;44
Oaxaca;20560;Villa Díaz Ordaz;8
Oaxaca;20561;Yaxe;3
Oaxaca;20562;Magdalena Yodocono de Porfirio Díaz;0
Oaxaca;20563;Yogana;1
Oaxaca;20564;Yutanduchi de Guerrero;0
Oaxaca;20565;Villa de Zaachila;131
Oaxaca;20566;San Mateo Yucutindoo;3
Oaxaca;20567;Zapotitlán Lagunas;3
Oaxaca;20568;Zapotitlán Palmas;5
Oaxaca;20569;Santa Inés de Zaragoza;2
Oaxaca;20570;Zimatlán de Álvarez;110
Oaxaca;20999;No especificado;0
Puebla;21001;Acajete;245
Puebla;21002;Acateno;10
Puebla;21003;Acatlán;133
Puebla;21004;Acatzingo;203
Puebla;21005;Acteopan;1
Puebla;21006;Ahuacatlán;20
Puebla;21007;Ahuatlán;2
Puebla;21008;Ahuazotepec;40
Puebla;21009;Ahuehuetitla;7
Puebla;21010;Ajalpan;105
Puebla;21011;Albino Zertuche;2
Puebla;21012;Aljojuca;26
Puebla;21013;Altepexi;40
Puebla;21014;Amixtlán;1
Puebla;21015;Amozoc;725
Puebla;21016;Aquixtla;19
Puebla;21017;Atempan;52
Puebla;21018;Atexcal;10
Puebla;21019;Atlixco;766
Puebla;21020;Atoyatempan;18
Puebla;21021;Atzala;6
Puebla;21022;Atzitzihuacán;12
Puebla;21023;Atzitzintla;8
Puebla;21024;Axutla;1
Puebla;21025;Ayotoxco de Guerrero;20
Puebla;21026;Calpan;42
Puebla;21027;Caltepec;6
Puebla;21028;Camocuautla;2
Puebla;21029;Caxhuacan;2
Puebla;21030;Coatepec;2
Puebla;21031;Coatzingo;1
Puebla;21032;Cohetzala;0
Puebla;21033;Cohuecan;6
Puebla;21034;Coronango;293
Puebla;21035;Coxcatlán;43
Puebla;21036;Coyomeapan;14
Puebla;21037;Coyotepec;3
Puebla;21038;Cuapiaxtla de Madero;30
Puebla;21039;Cuautempan;17
Puebla;21040;Cuautinchán;40
Puebla;21041;Cuautlancingo;644
Puebla;21042;Cuayuca de Andrade;2
Puebla;21043;Cuetzalan del Progreso;113
Puebla;21044;Cuyoaco;39
Puebla;21045;Chalchicomula de Sesma;150
Puebla;21046;Chapulco;9
Puebla;21047;Chiautla;53
Puebla;21048;Chiautzingo;44
Puebla;21049;Chiconcuautla;17
Puebla;21050;Chichiquila;8
Puebla;21051;Chietla;87
Puebla;21052;Chigmecatitlán;1
Puebla;21053;Chignahuapan;169
Puebla;21054;Chignautla;66
Puebla;21055;Chila;15
Puebla;21056;Chila de la Sal;2
Puebla;21057;Honey;10
Puebla;21058;Chilchotla;12
Puebla;21059;Chinantla;15
Puebla;21060;Domingo Arenas;11
Puebla;21061;Eloxochitlán;8
Puebla;21062;Epatlán;7
Puebla;21063;Esperanza;75
Puebla;21064;Francisco Z. Mena;19
Puebla;21065;General Felipe Ángeles;32
Puebla;21066;Guadalupe;5
Puebla;21067;Guadalupe Victoria;36
Puebla;21068;Hermenegildo Galeana;4
Puebla;21069;Huaquechula;57
Puebla;21070;Huatlatlauca;11
Puebla;21071;Huauchinango;483
Puebla;21072;Huehuetla;20
Puebla;21073;Huehuetlán el Chico;12
Puebla;21074;Huejotzingo;408
Puebla;21075;Hueyapan;16
Puebla;21076;Hueytamalco;55
Puebla;21077;Hueytlalpan;1
Puebla;21078;Huitzilan de Serdán;13
Puebla;21079;Huitziltepec;7
Puebla;21080;Atlequizayan;1
Puebla;21081;Ixcamilpa de Guerrero;7
Puebla;21082;Ixcaquixtla;19
Puebla;21083;Ixtacamaxtitlán;14
Puebla;21084;Ixtepec;11
Puebla;21085;Izúcar de Matamoros;394
Puebla;21086;Jalpan;30
Puebla;21087;Jolalpan;10
Puebla;21088;Jonotla;2
Puebla;21089;Jopala;7
Puebla;21090;Juan C. Bonilla;81
Puebla;21091;Juan Galindo;17
Puebla;21092;Juan N. Méndez;8
Puebla;21093;Lafragua;7
Puebla;21094;Libres;137
Puebla;21095;La Magdalena Tlatlauquitepec;1
Puebla;21096;Mazapiltepec de Juárez;16
Puebla;21097;Mixtla;4
Puebla;21098;Molcaxac;14
Puebla;21099;Cañada Morelos;43
Puebla;21100;Naupan;12
Puebla;21101;Nauzontla;4
Puebla;21102;Nealtican;25
Puebla;21103;Nicolás Bravo;11
Puebla;21104;Nopalucan;49
Puebla;21105;Ocotepec;10
Puebla;21106;Ocoyucan;137
Puebla;21107;Olintla;7
Puebla;21108;Oriental;102
Puebla;21109;Pahuatlán;39
Puebla;21110;Palmar de Bravo;133
Puebla;21111;Pantepec;24
Puebla;21112;Petlalcingo;14
Puebla;21113;Piaxtla;16
Puebla;21114;Puebla;12082
Puebla;21115;Quecholac;99
Puebla;21116;Quimixtlán;11
Puebla;21117;Rafael Lara Grajales;56
Puebla;21118;Los Reyes de Juárez;68
Puebla;21119;San Andrés Cholula;1124
Puebla;21120;San Antonio Cañada;9
Puebla;21121;San Diego la Mesa Tochimiltzingo;3
Puebla;21122;San Felipe Teotlalcingo;20
Puebla;21123;San Felipe Tepatlán;3
Puebla;21124;San Gabriel Chilac;32
Puebla;21125;San Gregorio Atzompa;28
Puebla;21126;San Jerónimo Tecuanipan;6
Puebla;21127;San Jerónimo Xayacatlán;9
Puebla;21128;San José Chiapa;58
Puebla;21129;San José Miahuatlán;21
Puebla;21130;San Juan Atenco;12
Puebla;21131;San Juan Atzompa;2
Puebla;21132;San Martín Texmelucan;771
Puebla;21133;San Martín Totoltepec;1
Puebla;21134;San Matías Tlalancaleca;50
Puebla;21135;San Miguel Ixitlán;2
Puebla;21136;San Miguel Xoxtla;69
Puebla;21137;San Nicolás Buenos Aires;22
Puebla;21138;San Nicolás de los Ranchos;9
Puebla;21139;San Pablo Anicano;8
Puebla;21140;San Pedro Cholula;552
Puebla;21141;San Pedro Yeloixtlahuaca;6
Puebla;21142;San Salvador el Seco;74
Puebla;21143;San Salvador el Verde;105
Puebla;21144;San Salvador Huixcolotla;54
Puebla;21145;San Sebastián Tlacotepec;5
Puebla;21146;Santa Catarina Tlaltempan;1
Puebla;21147;Santa Inés Ahuatempan;9
Puebla;21148;Santa Isabel Cholula;43
Puebla;21149;Santiago Miahuatlán;91
Puebla;21150;Huehuetlán el Grande;12
Puebla;21151;Santo Tomás Hueyotlipan;28
Puebla;21152;Soltepec;14
Puebla;21153;Tecali de Herrera;82
Puebla;21154;Tecamachalco;293
Puebla;21155;Tecomatlán;7
Puebla;21156;Tehuacán;1210
Puebla;21157;Tehuitzingo;34
Puebla;21158;Tenampulco;8
Puebla;21159;Teopantlán;3
Puebla;21160;Teotlalco;6
Puebla;21161;Tepanco de López;75
Puebla;21162;Tepango de Rodríguez;4
Puebla;21163;Tepatlaxco de Hidalgo;50
Puebla;21164;Tepeaca;264
Puebla;21165;Tepemaxalco;2
Puebla;21166;Tepeojuma;42
Puebla;21167;Tepetzintla;4
Puebla;21168;Tepexco;18
Puebla;21169;Tepexi de Rodríguez;92
Puebla;21170;Tepeyahualco;91
Puebla;21171;Tepeyahualco de Cuauhtémoc;11
Puebla;21172;Tetela de Ocampo;63
Puebla;21173;Teteles de Ávila Castillo;15
Puebla;21174;Teziutlán;252
Puebla;21175;Tianguismanalco;50
Puebla;21176;Tilapa;30
Puebla;21177;Tlacotepec de Benito Juárez;118
Puebla;21178;Tlacuilotepec;14
Puebla;21179;Tlachichuca;38
Puebla;21180;Tlahuapan;92
Puebla;21181;Tlaltenango;16
Puebla;21182;Tlanepantla;6
Puebla;21183;Tlaola;39
Puebla;21184;Tlapacoya;2
Puebla;21185;Tlapanalá;15
Puebla;21186;Tlatlauquitepec;132
Puebla;21187;Tlaxco;3
Puebla;21188;Tochimilco;24
Puebla;21189;Tochtepec;30
Puebla;21190;Totoltepec de Guerrero;0
Puebla;21191;Tulcingo;8
Puebla;21192;Tuzamapan de Galeana;2
Puebla;21193;Tzicatlacoyan;14
Puebla;21194;Venustiano Carranza;74
Puebla;21195;Vicente Guerrero;31
Puebla;21196;Xayacatlán de Bravo;2
Puebla;21197;Xicotepec;230
Puebla;21198;Xicotlán;0
Puebla;21199;Xiutetelco;35
Puebla;21200;Xochiapulco;0
Puebla;21201;Xochiltepec;4
Puebla;21202;Xochitlán de Vicente Suárez;11
Puebla;21203;Xochitlán Todos Santos;10
Puebla;21204;Yaonáhuac;14
Puebla;21205;Yehualtepec;41
Puebla;21206;Zacapala;10
Puebla;21207;Zacapoaxtla;78
Puebla;21208;Zacatlán;366
Puebla;21209;Zapotitlán;16
Puebla;21210;Zapotitlán de Méndez;2
Puebla;21211;Zaragoza;59
Puebla;21212;Zautla;9
Puebla;21213;Zihuateutla;19
Puebla;21214;Zinacatepec;44
Puebla;21215;Zongozotla;3
Puebla;21216;Zoquiapan;1
Puebla;21217;Zoquitlán;20
Puebla;21999;No especificado;0
Querétaro;22001;Amealco de Bonfil;273
Querétaro;22002;Pinal de Amoles;75
Querétaro;22003;Arroyo Seco;51
Querétaro;22004;Cadereyta de Montes;278
Querétaro;22005;Colón;337
Querétaro;22006;Corregidora;1367
Querétaro;22007;Ezequiel Montes;217
Querétaro;22008;Huimilpan;208
Querétaro;22009;Jalpan de Serra;189
Querétaro;22010;Landa de Matamoros;69
Querétaro;22011;El Marqués;1720
Querétaro;22012;Pedro Escobedo;465
Querétaro;22013;Peñamiller;98
Querétaro;22014;Querétaro;10623
Querétaro;22015;San Joaquín;32
Querétaro;22016;San Juan del Río;2449
Querétaro;22017;Tequisquiapan;527
Querétaro;22018;Tolimán;134
Querétaro;22999;No especificado;0
Quintana Roo;23001;Cozumel;750
Quintana Roo;23002;Felipe Carrillo Puerto;471
Quintana Roo;23003;Isla Mujeres;200
Quintana Roo;23004;Othón P. Blanco;2273
Quintana Roo;23005;Benito Juárez;10102
Quintana Roo;23006;José María Morelos;200
Quintana Roo;23007;Lázaro Cárdenas;76
Quintana Roo;23008;Playa del Carmen;3984
Quintana Roo;23009;Tulum;694
Quintana Roo;23010;Bacalar;321
Quintana Roo;23011;Puerto Morelos;307
Quintana Roo;23999;No especificado;0
San Luis Potosí;24001;Ahualulco del Sonido 13;97
San Luis Potosí;24002;Alaquines;20
San Luis Potosí;24003;Aquismón;135
San Luis Potosí;24004;Armadillo de los Infante;6
San Luis Potosí;24005;Cárdenas;89
San Luis Potosí;24006;Catorce;26
San Luis Potosí;24007;Cedral;103
San Luis Potosí;24008;Cerritos;98
San Luis Potosí;24009;Cerro de San Pedro;22
San Luis Potosí;24010;Ciudad del Maíz;139
San Luis Potosí;24011;Ciudad Fernández;269
San Luis Potosí;24012;Tancanhuitz;68
San Luis Potosí;24013;Ciudad Valles;1301
San Luis Potosí;24014;Coxcatlán;50
San Luis Potosí;24015;Charcas;41
San Luis Potosí;24016;Ebano;164
San Luis Potosí;24017;Guadalcázar;24
San Luis Potosí;24018;Huehuetlán;47
San Luis Potosí;24019;Lagunillas;15
San Luis Potosí;24020;Matehuala;722
San Luis Potosí;24021;Mexquitic de Carmona;190
San Luis Potosí;24022;Moctezuma;68
San Luis Potosí;24023;Rayón;87
San Luis Potosí;24024;Rioverde;621
San Luis Potosí;24025;Salinas;144
San Luis Potosí;24026;San Antonio;27
San Luis Potosí;24027;San Ciro de Acosta;44
San Luis Potosí;24028;San Luis Potosí;8598
San Luis Potosí;24029;San Martín Chalchicuautla;52
San Luis Potosí;24030;San Nicolás Tolentino;11
San Luis Potosí;24031;Santa Catarina;29
San Luis Potosí;24032;Santa María del Río;189
San Luis Potosí;24033;Santo Domingo;7
San Luis Potosí;24034;San Vicente Tancuayalab;44
San Luis Potosí;24035;Soledad de Graciano Sánchez;2899
San Luis Potosí;24036;Tamasopo;112
San Luis Potosí;24037;Tamazunchale;405
San Luis Potosí;24038;Tampacán;44
San Luis Potosí;24039;Tampamolón Corona;46
San Luis Potosí;24040;Tamuín;171
San Luis Potosí;24041;Tanlajás;35
San Luis Potosí;24042;Tanquián de Escobedo;72
San Luis Potosí;24043;Tierra Nueva;29
San Luis Potosí;24044;Vanegas;19
San Luis Potosí;24045;Venado;48
San Luis Potosí;24046;Villa de Arriaga;98
San Luis Potosí;24047;Villa de Guadalupe;9
San Luis Potosí;24048;Villa de la Paz;12
San Luis Potosí;24049;Villa de Ramos;97
San Luis Potosí;24050;Villa de Reyes;240
San Luis Potosí;24051;Villa Hidalgo;81
San Luis Potosí;24052;Villa Juárez;30
San Luis Potosí;24053;Axtla de Terrazas;128
San Luis Potosí;24054;Xilitla;150
San Luis Potosí;24055;Zaragoza;157
San Luis Potosí;24056;Villa de Arista;68
San Luis Potosí;24057;Matlapa;115
San Luis Potosí;24058;El Naranjo;73
San Luis Potosí;24059;Villa de Pozos;420
San Luis Potosí;24999;No especificado;0
Sinaloa;25001;Ahome;2443
Sinaloa;25002;Angostura;110
Sinaloa;25003;Badiraguato;28
Sinaloa;25004;Concordia;85
Sinaloa;25005;Cosalá;12
Sinaloa;25006;Culiacán;4632
Sinaloa;25007;Choix;56
Sinaloa;25008;Elota;189
Sinaloa;25009;Escuinapa;170
Sinaloa;25010;El Fuerte;183
Sinaloa;25011;Guasave;1037
Sinaloa;25012;Mazatlán;2964
Sinaloa;25013;Mocorito;63
Sinaloa;25014;Rosario;147
Sinaloa;25015;Salvador Alvarado;242
Sinaloa;25016;San Ignacio;43
Sinaloa;25017;Sinaloa;100
Sinaloa;25018;Navolato;449
Sinaloa;25019;Eldorado;36
Sinaloa;25020;Juan José Ríos;64
Sinaloa;25999;No especificado;0
Sonora;26001;Aconchi;4
Sonora;26002;Agua Prieta;252
Sonora;26003;Álamos;51
Sonora;26004;Altar;32
Sonora;26005;Arivechi;13
Sonora;26006;Arizpe;0
Sonora;26007;Atil;0
Sonora;26008;Bacadéhuachi;0
Sonora;26009;Bacanora;5
Sonora;26010;Bacerac;4
Sonora;26011;Bacoachi;1
Sonora;26012;Bácum;150
Sonora;26013;Banámichi;7
Sonora;26014;Baviácora;5
Sonora;26015;Bavispe;1
Sonora;26016;Benjamín Hill;33
Sonora;26017;Caborca;290
Sonora;26018;Cajeme;1952
Sonora;26019;Cananea;101
Sonora;26020;Carbó;10
Sonora;26021;La Colorada;8
Sonora;26022;Cucurpe;4
Sonora;26023;Cumpas;29
Sonora;26024;Divisaderos;2
Sonora;26025;Empalme;139
Sonora;26026;Etchojoa;80
Sonora;26027;Fronteras;13
Sonora;26028;Granados;0
Sonora;26029;Guaymas;508
Sonora;26030;Hermosillo;3846
Sonora;26031;Huachinera;1
Sonora;26032;Huásabas;1
Sonora;26033;Huatabampo;164
Sonora;26034;Huépac;0
Sonora;26035;Imuris;57
Sonora;26036;Magdalena;133
Sonora;26037;Mazatán;3
Sonora;26038;Moctezuma;29
Sonora;26039;Naco;9
Sonora;26040;Nácori Chico;0
Sonora;26041;Nacozari de García;44
Sonora;26042;Navojoa;396
Sonora;26043;Nogales;705
Sonora;26044;Ónavas;0
Sonora;26045;Opodepe;17
Sonora;26046;Oquitoa;0
Sonora;26047;Pitiquito;14
Sonora;26048;Puerto Peñasco;143
Sonora;26049;Quiriego;8
Sonora;26050;Rayón;5
Sonora;26051;Rosario;16
Sonora;26052;Sahuaripa;18
Sonora;26053;San Felipe de Jesús;0
Sonora;26054;San Javier;0
Sonora;26055;San Luis Río Colorado;653
Sonora;26056;San Miguel de Horcasitas;10
Sonora;26057;San Pedro de la Cueva;4
Sonora;26058;Santa Ana;50
Sonora;26059;Santa Cruz;0
Sonora;26060;Sáric;11
Sonora;26061;Soyopa;2
Sonora;26062;Suaqui Grande;2
Sonora;26063;Tepache;4
Sonora;26064;Trincheras;7
Sonora;26065;Tubutama;7
Sonora;26066;Ures;61
Sonora;26067;Villa Hidalgo;3
Sonora;26068;Villa Pesqueira;1
Sonora;26069;Yécora;11
Sonora;26070;General Plutarco Elías Calles;115
Sonora;26071;Benito Juárez;117
Sonora;26072;San Ignacio Río Muerto;47
Sonora;26999;No especificado;0
Tabasco;27001;Balancán;216
Tabasco;27002;Cárdenas;1027
Tabasco;27003;Centla;521
Tabasco;27004;Centro;6595
Tabasco;27005;Comalcalco;1060
Tabasco;27006;Cunduacán;822
Tabasco;27007;Emiliano Zapata;150
Tabasco;27008;Huimanguillo;727
Tabasco;27009;Jalapa;198
Tabasco;27010;Jalpa de Méndez;570
Tabasco;27011;Jonuta;93
Tabasco;27012;Macuspana;807
Tabasco;27013;Nacajuca;972
Tabasco;27014;Paraíso;530
Tabasco;27015;Tacotalpa;150
Tabasco;27016;Teapa;362
Tabasco;27017;Tenosique;322
Tabasco;27999;No especificado;0
Tamaulipas;28001;Abasolo;32
Tamaulipas;28002;Aldama;97
Tamaulipas;28003;Altamira;905
Tamaulipas;28004;Antiguo Morelos;22
Tamaulipas;28005;Burgos;2
Tamaulipas;28006;Bustamante;7
Tamaulipas;28007;Camargo;80
Tamaulipas;28008;Casas;9
Tamaulipas;28009;Ciudad Madero;759
Tamaulipas;28010;Cruillas;4
Tamaulipas;28011;Gómez Farías;23
Tamaulipas;28012;González;89
Tamaulipas;28013;Güémez;72
Tamaulipas;28014;Guerrero;7
Tamaulipas;28015;Gustavo Díaz Ordaz;24
Tamaulipas;28016;Hidalgo;42
Tamaulipas;28017;Jaumave;44
Tamaulipas;28018;Jiménez;16
Tamaulipas;28019;Llera;23
Tamaulipas;28020;Mainero;1
Tamaulipas;28021;El Mante;449
Tamaulipas;28022;Matamoros;1695
Tamaulipas;28023;Méndez;6
Tamaulipas;28024;Mier;11
Tamaulipas;28025;Miguel Alemán;117
Tamaulipas;28026;Miquihuana;7
Tamaulipas;28027;Nuevo Laredo;683
Tamaulipas;28028;Nuevo Morelos;7
Tamaulipas;28029;Ocampo;37
Tamaulipas;28030;Padilla;91
Tamaulipas;28031;Palmillas;6
Tamaulipas;28032;Reynosa;3284
Tamaulipas;28033;Río Bravo;399
Tamaulipas;28034;San Carlos;4
Tamaulipas;28035;San Fernando;160
Tamaulipas;28036;San Nicolás;0
Tamaulipas;28037;Soto la Marina;68
Tamaulipas;28038;Tampico;1182
Tamaulipas;28039;Tula;104
Tamaulipas;28040;Valle Hermoso;127
Tamaulipas;28041;Victoria;2312
Tamaulipas;28042;Villagrán;6
Tamaulipas;28043;Xicoténcatl;83
Tamaulipas;28999;No especificado;0
Tlaxcala;29001;Amaxac de Guerrero;2
Tlaxcala;29002;Apetatitlán de Antonio Carvajal;11
Tlaxcala;29003;Atlangatepec;4
Tlaxcala;29004;Atltzayanca;3
Tlaxcala;29005;Apizaco;58
Tlaxcala;29006;Calpulalpan;29
Tlaxcala;29007;El Carmen Tequexquitla;4
Tlaxcala;29008;Cuapiaxtla;11
Tlaxcala;29009;Cuaxomulco;2
Tlaxcala;29010;Chiautempan;37
Tlaxcala;29011;Muñoz de Domingo Arenas;2
Tlaxcala;29012;Españita;3
Tlaxcala;29013;Huamantla;38
Tlaxcala;29014;Hueyotlipan;9
Tlaxcala;29015;Ixtacuixtla de Mariano Matamoros;12
Tlaxcala;29016;Ixtenco;0
Tlaxcala;29017;Mazatecochco de José María Morelos;1
Tlaxcala;29018;Contla de Juan Cuamatzi;6
Tlaxcala;29019;Tepetitla de Lardizábal;6
Tlaxcala;29020;Sanctórum de Lázaro Cárdenas;6
Tlaxcala;29021;Nanacamilpa de Mariano Arista;11
Tlaxcala;29022;Acuamanala de Miguel Hidalgo;2
Tlaxcala;29023;Natívitas;7
Tlaxcala;29024;Panotla;17
Tlaxcala;29025;San Pablo del Monte;65
Tlaxcala;29026;Santa Cruz Tlaxcala;5
Tlaxcala;29027;Tenancingo;9
Tlaxcala;29028;Teolocholco;2
Tlaxcala;29029;Tepeyanco;2
Tlaxcala;29030;Terrenate;5
Tlaxcala;29031;Tetla de la Solidaridad;7
Tlaxcala;29032;Tetlatlahuca;3
Tlaxcala;29033;Tlaxcala;66
Tlaxcala;29034;Tlaxco;14
Tlaxcala;29035;Tocatlán;2
Tlaxcala;29036;Totolac;11
Tlaxcala;29037;Ziltlaltépec de Trinidad Sánchez Santos;3
Tlaxcala;29038;Tzompantepec;5
Tlaxcala;29039;Xaloztoc;10
Tlaxcala;29040;Xaltocan;3
Tlaxcala;29041;Papalotla de Xicohténcatl;21
Tlaxcala;29042;Xicohtzinco;5
Tlaxcala;29043;Yauhquemehcan;13
Tlaxcala;29044;Zacatelco;29
Tlaxcala;29045;Benito Juárez;3
Tlaxcala;29046;Emiliano Zapata;0
Tlaxcala;29047;Lázaro Cárdenas;2
Tlaxcala;29048;La Magdalena Tlaltelulco;3
Tlaxcala;29049;San Damián Texóloc;6
Tlaxcala;29050;San Francisco Tetlanohcan;2
Tlaxcala;29051;San Jerónimo Zacualpan;2
Tlaxcala;29052;San José Teacalco;1
Tlaxcala;29053;San Juan Huactzinco;4
Tlaxcala;29054;San Lorenzo Axocomanitla;2
Tlaxcala;29055;San Lucas Tecopilco;2
Tlaxcala;29056;Santa Ana Nopalucan;2
Tlaxcala;29057;Santa Apolonia Teacalco;0
Tlaxcala;29058;Santa Catarina Ayometla;3
Tlaxcala;29059;Santa Cruz Quilehtla;5
Tlaxcala;29060;Santa Isabel Xiloxoxtla;3
Tlaxcala;29999;No especificado;0
Veracruz de Ignacio de la Llave;30001;Acajete;28
Veracruz de Ignacio de la Llave;30002;Acatlán;8
Veracruz de Ignacio de la Llave;30003;Acayucan;337
Veracruz de Ignacio de la Llave;30004;Actopan;79
Veracruz de Ignacio de la Llave;30005;Acula;11
Veracruz de Ignacio de la Llave;30006;Acultzingo;37
Veracruz de Ignacio de la Llave;30007;Camarón de Tejeda;6
Veracruz de Ignacio de la Llave;30008;Alpatláhuac;18
Veracruz de Ignacio de la Llave;30009;Alto Lucero de Gutiérrez Barrios;45
Veracruz de Ignacio de la Llave;30010;Altotonga;178
Veracruz de Ignacio de la Llave;30011;Alvarado;211
Veracruz de Ignacio de la Llave;30012;Amatitlán;12
Veracruz de Ignacio de la Llave;30013;Naranjos Amatlán;122
Veracruz de Ignacio de la Llave;30014;Amatlán de los Reyes;171
Veracruz de Ignacio de la Llave;30015;Angel R. Cabada;89
Veracruz de Ignacio de la Llave;30016;La Antigua;183
Veracruz de Ignacio de la Llave;30017;Apazapan;14
Veracruz de Ignacio de la Llave;30018;Aquila;9
Veracruz de Ignacio de la Llave;30019;Astacinga;7
Veracruz de Ignacio de la Llave;30020;Atlahuilco;5
Veracruz de Ignacio de la Llave;30021;Atoyac;92
Veracruz de Ignacio de la Llave;30022;Atzacan;42
Veracruz de Ignacio de la Llave;30023;Atzalan;93
Veracruz de Ignacio de la Llave;30024;Tlaltetela;54
Veracruz de Ignacio de la Llave;30025;Ayahualulco;20
Veracruz de Ignacio de la Llave;30026;Banderilla;131
Veracruz de Ignacio de la Llave;30027;Benito Juárez;32
Veracruz de Ignacio de la Llave;30028;Boca del Río;914
Veracruz de Ignacio de la Llave;30029;Calcahualco;14
Veracruz de Ignacio de la Llave;30030;Camerino Z. Mendoza;99
Veracruz de Ignacio de la Llave;30031;Carrillo Puerto;17
Veracruz de Ignacio de la Llave;30032;Catemaco;130
Veracruz de Ignacio de la Llave;30033;Cazones de Herrera;48
Veracruz de Ignacio de la Llave;30034;Cerro Azul;52
Veracruz de Ignacio de la Llave;30035;Citlaltépetl;27
Veracruz de Ignacio de la Llave;30036;Coacoatzintla;23
Veracruz de Ignacio de la Llave;30037;Coahuitlán;6
Veracruz de Ignacio de la Llave;30038;Coatepec;374
Veracruz de Ignacio de la Llave;30039;Coatzacoalcos;1620
Veracruz de Ignacio de la Llave;30040;Coatzintla;150
Veracruz de Ignacio de la Llave;30041;Coetzala;6
Veracruz de Ignacio de la Llave;30042;Colipa;7
Veracruz de Ignacio de la Llave;30043;Comapa;29
Veracruz de Ignacio de la Llave;30044;Córdoba;991
Veracruz de Ignacio de la Llave;30045;Cosamaloapan de Carpio;214
Veracruz de Ignacio de la Llave;30046;Cosautlán de Carvajal;18
Veracruz de Ignacio de la Llave;30047;Coscomatepec;103
Veracruz de Ignacio de la Llave;30048;Cosoleacaque;397
Veracruz de Ignacio de la Llave;30049;Cotaxtla;47
Veracruz de Ignacio de la Llave;30050;Coxquihui;25
Veracruz de Ignacio de la Llave;30051;Coyutla;28
Veracruz de Ignacio de la Llave;30052;Cuichapa;40
Veracruz de Ignacio de la Llave;30053;Cuitláhuac;91
Veracruz de Ignacio de la Llave;30054;Chacaltianguis;33
Veracruz de Ignacio de la Llave;30055;Chalma;21
Veracruz de Ignacio de la Llave;30056;Chiconamel;14
Veracruz de Ignacio de la Llave;30057;Chiconquiaco;11
Veracruz de Ignacio de la Llave;30058;Chicontepec;80
Veracruz de Ignacio de la Llave;30059;Chinameca;37
Veracruz de Ignacio de la Llave;30060;Chinampa de Gorostiza;47
Veracruz de Ignacio de la Llave;30061;Las Choapas;292
Veracruz de Ignacio de la Llave;30062;Chocamán;43
Veracruz de Ignacio de la Llave;30063;Chontla;18
Veracruz de Ignacio de la Llave;30064;Chumatlán;7
Veracruz de Ignacio de la Llave;30065;Emiliano Zapata;384
Veracruz de Ignacio de la Llave;30066;Espinal;57
Veracruz de Ignacio de la Llave;30067;Filomeno Mata;4
Veracruz de Ignacio de la Llave;30068;Fortín;252
Veracruz de Ignacio de la Llave;30069;Gutiérrez Zamora;62
Veracruz de Ignacio de la Llave;30070;Hidalgotitlán;14
Veracruz de Ignacio de la Llave;30071;Huatusco;213
Veracruz de Ignacio de la Llave;30072;Huayacocotla;93
Veracruz de Ignacio de la Llave;30073;Hueyapan de Ocampo;100
Veracruz de Ignacio de la Llave;30074;Huiloapan de Cuauhtémoc;29
Veracruz de Ignacio de la Llave;30075;Ignacio de la Llave;13
Veracruz de Ignacio de la Llave;30076;Ilamatlán;21
Veracruz de Ignacio de la Llave;30077;Isla;137
Veracruz de Ignacio de la Llave;30078;Ixcatepec;33
Veracruz de Ignacio de la Llave;30079;Ixhuacán de los Reyes;6
Veracruz de Ignacio de la Llave;30080;Ixhuatlán del Café;60
Veracruz de Ignacio de la Llave;30081;Ixhuatlancillo;87
Veracruz de Ignacio de la Llave;30082;Ixhuatlán del Sureste;49
Veracruz de Ignacio de la Llave;30083;Ixhuatlán de Madero;67
Veracruz de Ignacio de la Llave;30084;Ixmatlahuacan;13
Veracruz de Ignacio de la Llave;30085;Ixtaczoquitlán;207
Veracruz de Ignacio de la Llave;30086;Jalacingo;106
Veracruz de Ignacio de la Llave;30087;Xalapa;2987
Veracruz de Ignacio de la Llave;30088;Jalcomulco;9
Veracruz de Ignacio de la Llave;30089;Jáltipan;74
Veracruz de Ignacio de la Llave;30090;Jamapa;25
Veracruz de Ignacio de la Llave;30091;Jesús Carranza;65
Veracruz de Ignacio de la Llave;30092;Xico;92
Veracruz de Ignacio de la Llave;30093;Jilotepec;49
Veracruz de Ignacio de la Llave;30094;Juan Rodríguez Clara;72
Veracruz de Ignacio de la Llave;30095;Juchique de Ferrer;30
Veracruz de Ignacio de la Llave;30096;Landero y Coss;1
Veracruz de Ignacio de la Llave;30097;Lerdo de Tejada;77
Veracruz de Ignacio de la Llave;30098;Magdalena;4
Veracruz de Ignacio de la Llave;30099;Maltrata;99
Veracruz de Ignacio de la Llave;30100;Manlio Fabio Altamirano;45
Veracruz de Ignacio de la Llave;30101;Mariano Escobedo;94
Veracruz de Ignacio de la Llave;30102;Martínez de la Torre;488
Veracruz de Ignacio de la Llave;30103;Mecatlán;3
Veracruz de Ignacio de la Llave;30104;Mecayapan;24
Veracruz de Ignacio de la Llave;30105;Medellín de Bravo;310
Veracruz de Ignacio de la Llave;30106;Miahuatlán;12
Veracruz de Ignacio de la Llave;30107;Las Minas;1
Veracruz de Ignacio de la Llave;30108;Minatitlán;583
Veracruz de Ignacio de la Llave;30109;Misantla;178
Veracruz de Ignacio de la Llave;30110;Mixtla de Altamirano;17
Veracruz de Ignacio de la Llave;30111;Moloacán;45
Veracruz de Ignacio de la Llave;30112;Naolinco;53
Veracruz de Ignacio de la Llave;30113;Naranjal;8
Veracruz de Ignacio de la Llave;30114;Nautla;38
Veracruz de Ignacio de la Llave;30115;Nogales;132
Veracruz de Ignacio de la Llave;30116;Oluta;58
Veracruz de Ignacio de la Llave;30117;Omealca;35
Veracruz de Ignacio de la Llave;30118;Orizaba;529
Veracruz de Ignacio de la Llave;30119;Otatitlán;31
Veracruz de Ignacio de la Llave;30120;Oteapan;23
Veracruz de Ignacio de la Llave;30121;Ozuluama de Mascareñas;64
Veracruz de Ignacio de la Llave;30122;Pajapan;26
Veracruz de Ignacio de la Llave;30123;Pánuco;298
Veracruz de Ignacio de la Llave;30124;Papantla;407
Veracruz de Ignacio de la Llave;30125;Paso del Macho;82
Veracruz de Ignacio de la Llave;30126;Paso de Ovejas;64
Veracruz de Ignacio de la Llave;30127;La Perla;28
Veracruz de Ignacio de la Llave;30128;Perote;444
Veracruz de Ignacio de la Llave;30129;Platón Sánchez;64
Veracruz de Ignacio de la Llave;30130;Playa Vicente;60
Veracruz de Ignacio de la Llave;30131;Poza Rica de Hidalgo;763
Veracruz de Ignacio de la Llave;30132;Las Vigas de Ramírez;54
Veracruz de Ignacio de la Llave;30133;Pueblo Viejo;148
Veracruz de Ignacio de la Llave;30134;Puente Nacional;69
Veracruz de Ignacio de la Llave;30135;Rafael Delgado;46
Veracruz de Ignacio de la Llave;30136;Rafael Lucio;20
Veracruz de Ignacio de la Llave;30137;Los Reyes;8
Veracruz de Ignacio de la Llave;30138;Río Blanco;242
Veracruz de Ignacio de la Llave;30139;Saltabarranca;29
Veracruz de Ignacio de la Llave;30140;San Andrés Tenejapan;1
Veracruz de Ignacio de la Llave;30141;San Andrés Tuxtla;492
Veracruz de Ignacio de la Llave;30142;San Juan Evangelista;31
Veracruz de Ignacio de la Llave;30143;Santiago Tuxtla;112
Veracruz de Ignacio de la Llave;30144;Sayula de Alemán;58
Veracruz de Ignacio de la Llave;30145;Soconusco;37
Veracruz de Ignacio de la Llave;30146;Sochiapa;12
Veracruz de Ignacio de la Llave;30147;Soledad Atzompa;8
Veracruz de Ignacio de la Llave;30148;Soledad de Doblado;51
Veracruz de Ignacio de la Llave;30149;Soteapan;42
Veracruz de Ignacio de la Llave;30150;Tamalín;17
Veracruz de Ignacio de la Llave;30151;Tamiahua;39
Veracruz de Ignacio de la Llave;30152;Tampico Alto;18
Veracruz de Ignacio de la Llave;30153;Tancoco;13
Veracruz de Ignacio de la Llave;30154;Tantima;14
Veracruz de Ignacio de la Llave;30155;Tantoyuca;246
Veracruz de Ignacio de la Llave;30156;Tatatila;6
Veracruz de Ignacio de la Llave;30157;Castillo de Teayo;38
Veracruz de Ignacio de la Llave;30158;Tecolutla;51
Veracruz de Ignacio de la Llave;30159;Tehuipango;33
Veracruz de Ignacio de la Llave;30160;Álamo Temapache;264
Veracruz de Ignacio de la Llave;30161;Tempoal;80
Veracruz de Ignacio de la Llave;30162;Tenampa;21
Veracruz de Ignacio de la Llave;30163;Tenochtitlán;3
Veracruz de Ignacio de la Llave;30164;Teocelo;30
Veracruz de Ignacio de la Llave;30165;Tepatlaxco;5
Veracruz de Ignacio de la Llave;30166;Tepetlán;11
Veracruz de Ignacio de la Llave;30167;Tepetzintla;11
Veracruz de Ignacio de la Llave;30168;Tequila;26
Veracruz de Ignacio de la Llave;30169;José Azueta;27
Veracruz de Ignacio de la Llave;30170;Texcatepec;16
Veracruz de Ignacio de la Llave;30171;Texhuacán;9
Veracruz de Ignacio de la Llave;30172;Texistepec;41
Veracruz de Ignacio de la Llave;30173;Tezonapa;42
Veracruz de Ignacio de la Llave;30174;Tierra Blanca;337
Veracruz de Ignacio de la Llave;30175;Tihuatlán;277
Veracruz de Ignacio de la Llave;30176;Tlacojalpan;10
Veracruz de Ignacio de la Llave;30177;Tlacolulan;27
Veracruz de Ignacio de la Llave;30178;Tlacotalpan;17
Veracruz de Ignacio de la Llave;30179;Tlacotepec de Mejía;9
Veracruz de Ignacio de la Llave;30180;Tlachichilco;6
Veracruz de Ignacio de la Llave;30181;Tlalixcoyan;50
Veracruz de Ignacio de la Llave;30182;Tlalnelhuayocan;56
Veracruz de Ignacio de la Llave;30183;Tlapacoyan;222
Veracruz de Ignacio de la Llave;30184;Tlaquilpa;19
Veracruz de Ignacio de la Llave;30185;Tlilapan;16
Veracruz de Ignacio de la Llave;30186;Tomatlán;24
Veracruz de Ignacio de la Llave;30187;Tonayán;4
Veracruz de Ignacio de la Llave;30188;Totutla;35
Veracruz de Ignacio de la Llave;30189;Tuxpan;603
Veracruz de Ignacio de la Llave;30190;Tuxtilla;3
Veracruz de Ignacio de la Llave;30191;Ursulo Galván;62
Veracruz de Ignacio de la Llave;30192;Vega de Alatorre;30
Veracruz de Ignacio de la Llave;30193;Veracruz;3447
Veracruz de Ignacio de la Llave;30194;Villa Aldama;49
Veracruz de Ignacio de la Llave;30195;Xoxocotla;12
Veracruz de Ignacio de la Llave;30196;Yanga;35
Veracruz de Ignacio de la Llave;30197;Yecuatla;23
Veracruz de Ignacio de la Llave;30198;Zacualpan;10
Veracruz de Ignacio de la Llave;30199;Zaragoza;19
Veracruz de Ignacio de la Llave;30200;Zentla;26
Veracruz de Ignacio de la Llave;30201;Zongolica;98
Veracruz de Ignacio de la Llave;30202;Zontecomatlán de López y Fuentes;17
Veracruz de Ignacio de la Llave;30203;Zozocolco de Hidalgo;15
Veracruz de Ignacio de la Llave;30204;Agua Dulce;105
Veracruz de Ignacio de la Llave;30205;El Higo;57
Veracruz de Ignacio de la Llave;30206;Nanchital de Lázaro Cárdenas del Río;109
Veracruz de Ignacio de la Llave;30207;Tres Valles;124
Veracruz de Ignacio de la Llave;30208;Carlos A. Carrillo;55
Veracruz de Ignacio de la Llave;30209;Tatahuicapan de Juárez;19
Veracruz de Ignacio de la Llave;30210;Uxpanapa;42
Veracruz de Ignacio de la Llave;30211;San Rafael;84
Veracruz de Ignacio de la Llave;30212;Santiago Sochiapan;16
Veracruz de Ignacio de la Llave;30999;No especificado;6
Yucatán;31001;Abalá;17
Yucatán;31002;Acanceh;7
Yucatán;31003;Akil;11
Yucatán;31004;Baca;8
Yucatán;31005;Bokobá;3
Yucatán;31006;Buctzotz;5
Yucatán;31007;Cacalchén;5
Yucatán;31008;Calotmul;0
Yucatán;31009;Cansahcab;1
Yucatán;31010;Cantamayec;0
Yucatán;31011;Celestún;13
Yucatán;31012;Cenotillo;1
Yucatán;31013;Conkal;4
Yucatán;31014;Cuncunul;0
Yucatán;31015;Cuzamá;8
Yucatán;31016;Chacsinkín;0
Yucatán;31017;Chankom;0
Yucatán;31018;Chapab;6
Yucatán;31019;Chemax;3
Yucatán;31020;Chicxulub Pueblo;3
Yucatán;31021;Chichimilá;2
Yucatán;31022;Chikindzonot;1
Yucatán;31023;Chocholá;5
Yucatán;31024;Chumayel;2
Yucatán;31025;Dzan;7
Yucatán;31026;Dzemul;2
Yucatán;31027;Dzidzantún;13
Yucatán;31028;Dzilam de Bravo;1
Yucatán;31029;Dzilam González;5
Yucatán;31030;Dzitás;0
Yucatán;31031;Dzoncauich;0
Yucatán;31032;Espita;4
Yucatán;31033;Halachó;10
Yucatán;31034;Hocabá;2
Yucatán;31035;Hoctún;3
Yucatán;31036;Homún;1
Yucatán;31037;Huhí;2
Yucatán;31038;Hunucmá;66
Yucatán;31039;Ixil;0
Yucatán;31040;Izamal;41
Yucatán;31041;Kanasín;125
Yucatán;31042;Kantunil;3
Yucatán;31043;Kaua;1
Yucatán;31044;Kinchil;6
Yucatán;31045;Kopomá;0
Yucatán;31046;Mama;4
Yucatán;31047;Maní;1
Yucatán;31048;Maxcanú;33
Yucatán;31049;Mayapán;0
Yucatán;31050;Mérida;1281
Yucatán;31051;Mocochá;2
Yucatán;31052;Motul;66
Yucatán;31053;Muna;0
Yucatán;31054;Muxupip;0
Yucatán;31055;Opichén;4
Yucatán;31056;Oxkutzcab;14
Yucatán;31057;Panabá;3
Yucatán;31058;Peto;17
Yucatán;31059;Progreso;95
Yucatán;31060;Quintana Roo;0
Yucatán;31061;Río Lagartos;0
Yucatán;31062;Sacalum;2
Yucatán;31063;Samahil;3
Yucatán;31064;Sanahcat;0
Yucatán;31065;San Felipe;1
Yucatán;31066;Santa Elena;0
Yucatán;31067;Seyé;9
Yucatán;31068;Sinanché;1
Yucatán;31069;Sotuta;2
Yucatán;31070;Sucilá;3
Yucatán;31071;Sudzal;1
Yucatán;31072;Suma;0
Yucatán;31073;Tahdziú;0
Yucatán;31074;Tahmek;2
Yucatán;31075;Teabo;2
Yucatán;31076;Tecoh;4
Yucatán;31077;Tekal de Venegas;3
Yucatán;31078;Tekantó;5
Yucatán;31079;Tekax;50
Yucatán;31080;Tekit;2
Yucatán;31081;Tekom;0
Yucatán;31082;Telchac Pueblo;5
Yucatán;31083;Telchac Puerto;2
Yucatán;31084;Temax;4
Yucatán;31085;Temozón;2
Yucatán;31086;Tepakán;0
Yucatán;31087;Tetiz;4
Yucatán;31088;Teya;2
Yucatán;31089;Ticul;45
Yucatán;31090;Timucuy;5
Yucatán;31091;Tinum;5
Yucatán;31092;Tixcacalcupul;1
Yucatán;31093;Tixkokob;2
Yucatán;31094;Tixméhuac;0
Yucatán;31095;Tixpéhual;0
Yucatán;31096;Tizimín;75
Yucatán;31097;Tunkás;1
Yucatán;31098;Tzucacab;6
Yucatán;31099;Uayma;2
Yucatán;31100;Ucú;0
Yucatán;31101;Umán;95
Yucatán;31102;Valladolid;74
Yucatán;31103;Xocchel;1
Yucatán;31104;Yaxcabá;5
Yucatán;31105;Yaxkukul;3
Yucatán;31106;Yobaín;0
Yucatán;31999;No especificado;0
Zacatecas;32001;Apozol;12
Zacatecas;32002;Apulco;4
Zacatecas;32003;Atolinga;9
Zacatecas;32004;Benito Juárez;9
Zacatecas;32005;Calera;275
Zacatecas;32006;Cañitas de Felipe Pescador;12
Zacatecas;32007;Concepción del Oro;19
Zacatecas;32008;Cuauhtémoc;27
Zacatecas;32009;Chalchihuites;15
Zacatecas;32010;Fresnillo;1471
Zacatecas;32011;Trinidad García de la Cadena;18
Zacatecas;32012;Genaro Codina;21
Zacatecas;32013;General Enrique Estrada;29
Zacatecas;32014;General Francisco R. Murguía;18
Zacatecas;32015;El Plateado de Joaquín Amaro;1
Zacatecas;32016;General Pánfilo Natera;44
Zacatecas;32017;Guadalupe;1464
Zacatecas;32018;Huanusco;12
Zacatecas;32019;Jalpa;85
Zacatecas;32020;Jerez;263
Zacatecas;32021;Jiménez del Teul;2
Zacatecas;32022;Juan Aldama;43
Zacatecas;32023;Juchipila;33
Zacatecas;32024;Loreto;92
Zacatecas;32025;Luis Moya;32
Zacatecas;32026;Mazapil;9
Zacatecas;32027;Melchor Ocampo;1
Zacatecas;32028;Mezquital del Oro;7
Zacatecas;32029;Miguel Auza;43
Zacatecas;32030;Momax;6
Zacatecas;32031;Monte Escobedo;9
Zacatecas;32032;Morelos;64
Zacatecas;32033;Moyahua de Estrada;14
Zacatecas;32034;Nochistlán de Mejía;65
Zacatecas;32035;Noria de Ángeles;6
Zacatecas;32036;Ojocaliente;134
Zacatecas;32037;Pánuco;62
Zacatecas;32038;Pinos;141
Zacatecas;32039;Río Grande;128
Zacatecas;32040;Sain Alto;24
Zacatecas;32041;El Salvador;1
Zacatecas;32042;Sombrerete;178
Zacatecas;32043;Susticacán;2
Zacatecas;32044;Tabasco;52
Zacatecas;32045;Tepechitlán;31
Zacatecas;32046;Tepetongo;15
Zacatecas;32047;Teúl de González Ortega;39
Zacatecas;32048;Tlaltenango de Sánchez Román;167
Zacatecas;32049;Valparaíso;100
Zacatecas;32050;Vetagrande;36
Zacatecas;32051;Villa de Cos;76
Zacatecas;32052;Villa García;21
Zacatecas;32053;Villa González Ortega;27
Zacatecas;32054;Villa Hidalgo;16
Zacatecas;32055;Villanueva;163
Zacatecas;32056;Zacatecas;1831
Zacatecas;32057;Trancoso;89
Zacatecas;32058;Santa María de la Paz;14
Zacatecas;32999;No especificado;0
