Calle,No,Colonia,Municipio,Estado
Loma del Cardenal,103,Mirador de las Culturas II,Aguascalientes,Aguascalientes
Cerezo Poniente,137,Lomas de Bellavista,Aguascalientes,Aguascalientes
Loma del Cardenal,106 18,Lomas de Bellavista,Aguascalientes,Aguascalientes
Hector del Villar,211,Benito Palomino Dena,Aguascalientes,Aguascalientes
Cardenal,106 26,Lomas de Bellavista,Aguascalientes,Aguascalientes
Recinto Pachón,33,Valle de los Cactus,Aguascalientes,Aguascalientes
Recinto Pachón,33,Valle de los Cactus,Aguascalientes,Aguascalientes
Recinto Pitayo,1003,Valle de los Cactus,Aguascalientes,Aguascalientes
Recinto Pitayo,33,Valle de los Cactus,Aguascalientes,Aguascalientes
Recinto Nopal,43,Valle de los Cactus,Aguascalientes,Aguascalientes
Guerra Palos,303,Guadalupe Peralta,Aguascalientes,Aguascalientes
Recinto Cactus,105,Valle de los Cactus,Aguascalientes,Aguascalientes
Recinto Nopal,109 107,Valle de los Cactus,Aguascalientes,Aguascalientes
Velas Salas,109,Valle de los Cactus,Aguascalientes,Aguascalientes
Gerardo Marin Martinez,107,Jose Guadalupe Peralta Gamez,Aguascalientes,Aguascalientes
Salvador Aguilera Padilla,217,Jose Guadalupe Peralta Gamez,Aguascalientes,Aguascalientes
Jose Guerra Palos,303,Jose Guadalupe Peralta Gamez,Aguascalientes,Aguascalientes
Eloisa Barbosa,106,Jose Guadalupe Peralta Gamez,Aguascalientes,Aguascalientes
Villa Alejandra,178,Villa Las Palmas Segunda Seccion,Aguascalientes,Aguascalientes
Calvillo,105,STEMA,Aguascalientes,Aguascalientes
Villas de Nuevo Vallarta Modulo B4,,Villa de las Fuentes,Aguascalientes,Aguascalientes
Cultura Maya,205,Mirador de las Culturas II,Aguascalientes,Aguascalientes
General Igancio Zaragoza,419,Zona Centro,Aguascalientes,Aguascalientes
Francisco de J. Herrera,3028,VINSA Estacion,Aguascalientes,Aguascalientes
Rincon,134,Barrio de San Marcos,Aguascalientes,Aguascalientes
Arroyo de los Arellano,227,Miravalle,Aguascalientes,Aguascalientes
Rincon,137,Barrio de San Marcos,Aguascalientes,Aguascalientes
Amaploas,205,Las Flores,Aguascalientes,Aguascalientes
Saturnino Herran,,Jose Guadalupe Peralta Gamez,Aguascalientes,Aguascalientes
Jamai,502,La Soledad,Aguascalientes,Aguascalientes
Aranda,510,La Soledad,Aguascalientes,Aguascalientes
Aranda,433,La Soledad,Aguascalientes,Aguascalientes
Ajijic,213,La Soledad,Aguascalientes,Aguascalientes
Doctor Alberto del Valle,223,Miravalle,Aguascalientes,Aguascalientes
Carlos Barron,605,Miravalle,Aguascalientes,Aguascalientes
Alberto del Valle,715,Miravalle,Aguascalientes,Aguascalientes
Edmundo Gamez Orozco,1902,Altavista,Aguascalientes,Aguascalientes
,,,Aguascalientes,Aguascalientes
Palma,613,Circunvalacion Norte,Aguascalientes,Aguascalientes
Jesus Maria,102,Buena Vista,Aguascalientes,Aguascalientes
Hombres Ilustres,,Altavista,Aguascalientes,Aguascalientes
San Felipe,513,Altavista,Aguascalientes,Aguascalientes
Edmundo Gamez Orozco,1902,Altavista,Aguascalientes,Aguascalientes
San Felipe,312,Altavista,Aguascalientes,Aguascalientes
Miguel Ruelas,119,Olivares Santana,Aguascalientes,Aguascalientes
Hector del Villar,121,Benito Palomino Dena,Aguascalientes,Aguascalientes
Doctor Alfonso Rodriguez Franco,304,Benito Palomino Dena,Aguascalientes,Aguascalientes
Doctor Alfonso Rodriguez Franco,1123,Benito Palomino Dena,Aguascalientes,Aguascalientes
Doctor Alfonso Rodriguez Franco,102,Benito Palomino Dena,Aguascalientes,Aguascalientes
Licenciado Miguel Romo Medina,213,Benito Palomino Dena,Aguascalientes,Aguascalientes
Calle I,223,Macias Arellano,Aguascalientes,Aguascalientes
Centauro,309,La Estrella,Aguascalientes,Aguascalientes
Sierra Micos,112,Cumbres  ,Aguascalientes,Aguascalientes
De la uva,201,Las Viñas,Aguascalientes,Aguascalientes
Durazno,115,Cumbres III,Aguascalientes,Aguascalientes
Villas de Acapulco,,Villas de las Fuentes,Aguascalientes,Aguascalientes
Cultura Nazca,215,Mirador de las Culturas  ,Aguascalientes,Aguascalientes
Cultura Pame,222,Villas de las Fuentes,Aguascalientes,Aguascalientes
Porfirio Fernandez Soto,328,VINSA Estacion,Aguascalientes,Aguascalientes
Angel Venegas Ahumada,,VINSA  ,Aguascalientes,Aguascalientes
Angel Venegas Ahumada,1021,VINSA,Aguascalientes,Aguascalientes
Valle de los Romero,1509,VINSA,Aguascalientes,Aguascalientes
Rosalba Maldonado,215,Rodolfo Landeros,Aguascalientes,Aguascalientes
Elvia Alicia Medrano,,Rodolfo Landeros,Aguascalientes,Aguascalientes
Alicia Diaz de Leon,127,Rodolfo Landeros,Aguascalientes,Aguascalientes
Expropiacipon Petrolera,322,Rodolfo Landeros,Aguascalientes,Aguascalientes
Delicias,213 A,La Salud,Aguascalientes,Aguascalientes
Delicias,213,La Salud,Aguascalientes,Aguascalientes
San Francisco,129,El Llanito,Aguascalientes,Aguascalientes
Acueducto,167,La Salud,Aguascalientes,Aguascalientes
Guadalupe,420,Barrio de Guadalupe,Aguascalientes,Aguascalientes
Monte Gessi,315,Villa Montaña,Aguascalientes,Aguascalientes
Guadalupe,420,Barrio de Guadalupe,Aguascalientes,Aguascalientes
Pedro de Alba,205,Barrio de San Marcos,Aguascalientes,Aguascalientes
Plan de Ayutla,426,Del Carmen,Aguascalientes,Aguascalientes
Cultura Nazca,412 29,Mirador de las Culturas,Aguascalientes,Aguascalientes
Jesús Bernal,131,Zona Centro,Aguascalientes,Aguascalientes
,,Infonavit Morelos,Aguascalientes,Aguascalientes
Pedro de Alba,133,San Marcos,Aguascalientes,Aguascalientes
Asuncion,705,Barrio de Guadalupe,Aguascalientes,Aguascalientes
Ejercito Nacional,526,San Pablo,Aguascalientes,Aguascalientes
Antonio Arias Bernal,117,Barrio de San Marcos,Aguascalientes,Aguascalientes
,,Jose Lopez Portillo,Aguascalientes,Aguascalientes
Jose Calvillo,407,Jose Lopez Portillo,Aguascalientes,Aguascalientes
Jose Ferrero,205,Jose Lopez Portillo,Aguascalientes,Aguascalientes
pascual Cornejo Brun,313,Jose Lopez Portillo,Aguascalientes,Aguascalientes
Andador del Cisne Edif 8TP,4,Pilar Blanco,Aguascalientes,Aguascalientes
Paseo del Jilguero ,,Pilar Blanco,Aguascalientes,Aguascalientes
Canario,2439,Pilar Blanco,Aguascalientes,Aguascalientes
Canario,7510,Pilar Blanco,Aguascalientes,Aguascalientes
Carrera Torres,402,Insurgentes,Aguascalientes,Aguascalientes
Cesario Castro,407,Insurgentes,Aguascalientes,Aguascalientes
Abraham Gonzalez,808,Insurgentes,Aguascalientes,Aguascalientes
Canario Edif 2,,Pilar Blanco,Aguascalientes,Aguascalientes
Belisario Dominguez,222,Insurgentes,Aguascalientes,Aguascalientes
General Luis Moya,407,Insurgentes,Aguascalientes,Aguascalientes
Segovia,225,La España,Aguascalientes,Aguascalientes
Juan Medina,328,Insurgentes,Aguascalientes,Aguascalientes
Paseo del Tucan,,Pilar Blanco,Aguascalientes,Aguascalientes
Coronel Jose Rincon,230,Jose Lopez Portillo,Aguascalientes,Aguascalientes
General Luis Moya,407,Insurgentes,Aguascalientes,Aguascalientes
Fortunato Maycote,309,Insurgentes,Aguascalientes,Aguascalientes
Cultur Yumana,305,Mirador de las Culturas,Aguascalientes,Aguascalientes
Bonampak,104,Morelos I,Aguascalientes,Aguascalientes
Noticieros,107,Periodistas,Aguascalientes,Aguascalientes
Editorialistas,110,Periodistas,Aguascalientes,Aguascalientes
Noticieros,153,Periodistas,Aguascalientes,Aguascalientes
Columnistas,121,Periodistas,Aguascalientes,Aguascalientes
Profesor Otilio Montaño,158,Emiliano Zapata,Aguascalientes,Aguascalientes
Profesor Otilio Montaño,215,Emiliano Zapata,Aguascalientes,Aguascalientes
Profesor Otilio Montaño,207,Emiliano Zapata,Aguascalientes,Aguascalientes
Sixto Verduzco,121,Emiliano Zapata,Aguascalientes,Aguascalientes
Pedro Parga,111,IV Centenario,Aguascalientes,Aguascalientes
Cayetano Guerrero,111,IV Centenario,Aguascalientes,Aguascalientes
Pedro Parga,106,IV Centenario,Aguascalientes,Aguascalientes
,,,Aguascalientes,Aguascalientes
Pedro Parga,111,IV Centenario,Aguascalientes,Aguascalientes
Mesina,117,Paseos de San Antonio,Aguascalientes,Aguascalientes
Mesina,,Paseos de San Antonio,Aguascalientes,Aguascalientes
Calamaria,,Paseos de Aguascalientes,Aguascalientes,Aguascalientes
Jesus Yurem,402 E,Ojo de Agua,Aguascalientes,Aguascalientes
Tamaulipas,245,México,Aguascalientes,Aguascalientes
Tamaulipas,245,México,Aguascalientes,Aguascalientes
Francisco Perez Rios,206,Ojo de Agua,Aguascalientes,Aguascalientes
