FOLIO,ID_INC,INCIDENTE,MES,FECHA,DIA_SEM,HORA,MINUTOS,HORARIO,MUNICIPIO,TIPO_ASEN,NOM_ASEN,OID_ASEN,TIPO_VIAL,NOM_VIAL,KM,EDIFICIO,NUMERO,TIPO_VIAL1,NOM_VIAL1,TIPO_VIAL2,NOM_VIAL2,TIPO_VIALP,NOM_VIALP,DESTACAMEN,SEC_EST,PROCESO,VIOLENCIA,ARMA,PER_SOSP,ALIAS,DETENIDO,LESIONADO,T_VEH_SOS,DESCRIP,RECUP_ART,OBJ_ROBADO,CANTIDAD,MONTO,CORP_ACUD,CIERRE_COR,GIRO_NEG,NOM_NEG,REPARTIDOR,INGRESO,MOT_DET,NOM_DET,DET_SPM,ORI_DET,OID,LONG,LAT
200666286,30420,ROBO TRANSPORTE PUBLICO,7,2020-07-03,5,5,50,26,1,FRACCIONAMIENTO,MIRADOR DE LAS CULTURAS,442,AVENIDA,RODOLFO LANDEROS GALLEGOS,NA,NA,",,,",AVENIDA,CULTURA MAYA,CALLE,CULTURA AZTECA,PRIVADA,CULTURA MIXTECA,5,2,false,false,9,1 PERSONA,ND,0,0,N,N,false,36,0,30,1,2,TRANSPORTE PUBLICO,TAXI 3695,0,7,,,,,1,-102.24286917,21.90558621
200670411,30420,ROBO TRANSPORTE PUBLICO,7,2020-07-04,6,2,53,25,1,FRACCIONAMIENTO,NAZARIO ORTIZ GARZA,452,AVENIDA,SIGLO XXI,NA,NA,",,,",BOULEVARD,GUADALUPANO,CALLE,MANUEL GARCIA MARTINEZ,CALLE,ARIAS MUJICA,5,2,true,false,9,1 HOMBRE,ND,0,0,N,N,false,36,0,0,1,4,TRANSPORTE PUBLICO,UBER,0,7,,,,,2,-102.25718044,21.90678284
200672250,30420,ROBO TRANSPORTE PUBLICO,7,2020-07-04,6,15,34,22,1,COLONIA,LA FE,912,AVENIDA,INDEPENDENCIA,NA,NA,",,,",CALLE,MEXICO,CALLE,GRAN AVENIDA,CALLE,ESPERANZA,1,5,true,false,9,1 HOMBRE,ND,0,0,N,N,false,"28,36",500,500,1,1,TRANSPORTE PUBLICO,TAXI 3772,0,7,,,,,3,-102.29482723,21.89144370
200672802,30419,ROBO TRANSPORTE PUBLICO,7,2020-07-04,6,18,29,22,1,COMUNIDAD,OJO DE AGUA DE PALMITAS,49P,CALLE,FRANCISCO JAVIER MINA,NA,NA,",,,",CALLE,VILLA OBREGON,CALLE,CALANDRIAS,CALLE,VILLA FLORES,3,3,true,true,3,1 HOMBRE,ND,0,0,N,N,false,36,0,0,1,1,TRANSPORTE PUBLICO,TAXI 4188,0,7,,,,,4,-102.23183561,21.86086598
200678170,30420,ROBO TRANSPORTE PUBLICO,7,2020-07-05,7,21,33,24,1,FRACCIONAMIENTO,JOSE LOPEZ PORTILLO,955,CALLE,JOSE MARIA GONZALEZ BOCANEGRA,NA,NA,",,,",CALLE,SOBERANA CONVENCION MILITAR REVOLUCIONARIA PONIENTE,CALLE,CORONEL JOSE RINCON GALLARDO,CALLE,RICARDO GARCIA MENDOZA,2,4,false,false,9,3 HOMBRES,ND,0,0,N,N,false,"28,36",400,400,1,1,TRANSPORTE PUBLICO,TAXI 47,0,7,,,,,5,-102.32666021,21.85485200
200679062,30420,ROBO TRANSPORTE PUBLICO,7,2020-07-06,1,0,58,25,1,COLONIA,ZONA CENTRO,906,CALLE,JOSE MARIA MORELOS Y PAVON,NA,NA,",,,",CALLE,UNION,CALLE,GUZMAN,CALLE,LICENCIADO BENITO JUAREZ,1,5,true,false,9,1 HOMBRE,ND,0,0,N,N,false,36,0,0,1,1,TRANSPORTE PUBLICO,DIDI,0,7,,,,,6,-102.29597600,21.88531363
200687458,30420,ROBO TRANSPORTE PUBLICO,7,2020-07-08,3,3,13,26,1,FRACCIONAMIENTO,CANTERAS DE SAN JOSE,400,CALLE,JUANACATLAN,NA,NA,",,,",PROLONGACION,PASEO DE YAHUALICA,CALLE,HUEJUCAR,CALLE,TLATENANGO,2,4,true,false,9,1 HOMBRE,ND,0,0,N,N,false,36,0,320,1,14,TRANSPORTE PUBLICO,TAXI 528,0,7,,,,,7,-102.33268776,21.86030549
200661635,30420,ROBO TRANSPORTE PUBLICO,7,2020-07-01,3,22,4,24,5,COLONIA,EL TORITO,199,CALLE,VICENTE GUERRERO,NA,NA,"115,,,",CALLE,PRIMERO DE MARZO,AVENIDA,FRANCISCO I MADERO,AVENIDA,ALEJANDRO DE LA CRUZ SAUCEDO,7,7,true,false,9,UNAS PERSONAS,ND,0,0,N,N,false,36,0,0,1,14,TRANSPORTE PUBLICO,TAXI 490,0,7,,,,,8,-102.35369586,21.96718689
200010165,30420,ROBO TRANSPORTE PUBLICO,1,2020-01-03,5,23,56,24,1,FRACCIONAMIENTO,VILLA SUR,609,CALLE,FLOR DE NOCHEBUENA 98,NA,NA,",,,",AVENIDA,FLOR DE NOCHEBUENA,CALLE,FLOR DE NOCHEBUENA,CALLE,NINGUNO,3,3,true,false,9,1 HOMBRE,ND,1,0,N,N,false,36,0,0,1,4,TRANSPORTE PUBLICO,TAXI 3520,0,7,,,,,9,-102.27459092,21.82438606
200014373,30420,ROBO TRANSPORTE PUBLICO,1,2020-01-05,7,6,31,19,1,FRACCIONAMIENTO,EL DORADO 1A SECCION,1048,CALLE,SANTANDER,NA,NA,"326,,,",CALLE,ALASKA,CALLE,CANADA,CALLE,MADRID,2,4,true,false,9,UNOS HOMBRES,ND,0,0,N,N,false,36,0,0,1,2,TRANSPORTE PUBLICO,BOLT,0,7,,,,,10,-102.30543593,21.86173416
200025231,30419,ROBO TRANSPORTE PUBLICO,1,2020-01-08,3,13,43,21,1,FRACCIONAMIENTO,LOMA DEL COBANO,474,CALLE,LIBRA,NA,NA,",,,",CALLE,LOMA CHICA,CALLE,LOMA NEVADA,CALLE,OSA MAYOR,5,2,false,true,1,3 HOMBRES,ND,0,0,N,N,false,"3,28,29",8500,14500,1,1,TRANSPORTE PUBLICO,TAXI 3771,0,7,,,,,11,-102.27495574,21.90412053
200025316,30419,ROBO TRANSPORTE PUBLICO,1,2020-01-08,3,14,0,21,1,FRACCIONAMIENTO,MORELOS II,622,AVENIDA,MARIANO HIDALGO,NA,NA,",,,",CALLE,MURGUIA,CALLE,JOSE A TORRES,CALLE,22 DE DICIEMBRE,3,3,false,true,1,3 HOMBRES,ND,0,0,N,N,false,"24,28",800,800,1,1,TRANSPORTE PUBLICO,TAXI 0389,0,7,,,,,12,-102.25653914,21.85286547
200027189,30419,ROBO TRANSPORTE PUBLICO,1,2020-01-08,3,23,53,24,1,FRACCIONAMIENTO,INSURGENTES,1046,CALLE,GENERAL JOSE ISABEL ROBLES,NA,NA,",,,",AVENIDA,CONVENCION,CALLE,ABRAHAM GONZALEZ,CALLE,GENERAL FRANCISCO MURGUIA,2,4,false,true,1,1 HOMBRE,ND,0,0,N,N,false,36,0,35,1,1,TRANSPORTE PUBLICO,TAXI 3939,0,7,,,,,13,-102.30447986,21.85027043
200029349,30420,ROBO TRANSPORTE PUBLICO,1,2020-01-09,4,17,56,22,1,FRACCIONAMIENTO,PILAR BLANCO,981,ANDADOR,DEL GANSO,NA,NA,",,,",ANDADOR,DE LA GARCETA,CALLE,CANARIO,BOULEVARD,AGUILA,2,4,true,false,9,1 MUJER,ND,0,0,N,N,false,36,0,0,1,1,TRANSPORTE PUBLICO,TAXI 1776,0,7,,,,,14,-102.30057593,21.84928731
200047324,30419,ROBO TRANSPORTE PUBLICO,1,2020-01-14,2,0,0,23,5,COLONIA,LA ESCALERA,219,CALLE,NIAGARA NORTE,NA,NA,",,,",CALLE,AJENGIZ,PRIVADA,JOSE FLORES,CALLE,LAS FLORES,7,7,false,true,1,2 HOMBRES,ND,0,0,N,N,false,28,0,0,1,2,TRANSPORTE PUBLICO,CAMION URBANO RUTA 11,0,7,,,,,15,-102.34515984,21.97169071
200051392,30420,ROBO TRANSPORTE PUBLICO,1,2020-01-16,4,0,26,25,1,BARRIO,LA PURISIMA,915,CALLE,COSIO SUR,NA,NA,"264,,,",CALLE,MAESTRO MIGUEL MENESES,CALLE,MARTE,CALLE,AMATTO,1,5,true,false,9,1 HOMBRE,ND,0,0,N,N,false,36,0,0,1,1,TRANSPORTE PUBLICO,TAXI 3338,0,7,,,,,16,-102.28593795,21.87990546
200048073,30420,ROBO TRANSPORTE PUBLICO,1,2020-01-15,3,0,52,25,1,COLONIA,INDUSTRIAL,919,CALLE,JOSE BOLADO,NA,NA,"708,,,",CALLE,GERTRUDIS BERKEFER,CALLE,INGENIERO TOMAS MEDINA UGARTE,AVENIDA,INDEPENDENCIA,6,1,true,false,9,1 HOMBRE,ND,0,0,N,N,false,36,0,0,1,1,TRANSPORTE PUBLICO,TAXI 1646,0,7,,,,,17,-102.29488319,21.89627175
200061565,30419,ROBO TRANSPORTE PUBLICO,1,2020-01-18,6,19,3,22,1,FRACCIONAMIENTO,NATURA,699,AVENIDA,JOSE DE JESUS GONZALEZ GARCIA,NA,NA,",,,",CALLE,FEDERICO MENDEZ,CALLE,PARRAL,CALLE,SICOMORO,5,2,true,true,3,2 HOMBRES,ND,0,0,N,N,false,28,550,550,1,1,TRANSPORTE PUBLICO,TAXI 0322,0,7,,,,,18,-102.24868078,21.92889182
200089084,30419,ROBO TRANSPORTE PUBLICO,1,2020-01-26,7,15,13,21,1,FRACCIONAMIENTO,LUIS ORTEGA DOUGLAS,440,AVENIDA,SIGLO XXI,NA,NA,",,,",CALLE,PICACHO ORIENTE,CALLE,CARLOS A MADRAZO,CALLE,SIERRA DE TEPEHUANES,5,2,true,true,1,1 HOMBRE,ND,0,0,N,N,false,28,1200,1200,1,1,TRANSPORTE PUBLICO,TAXI 4025,0,7,,,,,19,-102.25885989,21.90943433
200075260,30420,ROBO TRANSPORTE PUBLICO,1,2020-01-22,3,15,50,22,1,COLONIA,LA SOLEDAD,729,BOULEVARD,LICENCIADO ADOLFO RUIZ CORTINES,NA,NA,",,,",AVENIDA,ABELARDO RODRIGUEZ,CALLE,AHUALULCO,CALLE,AYOTLAN,6,1,true,false,9,1 MUJER,ND,0,0,N,N,false,36,0,0,1,1,TRANSPORTE PUBLICO,TAXI 2834,0,7,,,,,20,-102.33335705,21.87375092
200080429,30420,ROBO TRANSPORTE PUBLICO,1,2020-01-24,5,8,46,19,1,COMPLEJO,GRUPO MODELO,753,AVENIDA,HEROICO COLEGIO MILITAR,NA,NA,",,,",CALLE,CATALINO ARREOLA,AVENIDA,HEROICO COLEGIO MILITAR,AVENIDA,MANUEL GOMEZ MORIN,4,2,true,false,9,1 HOMBRE,ND,0,0,N,N,false,36,0,0,1,1,TRANSPORTE PUBLICO,DIDI,0,7,,,,,21,-102.27717572,21.89051260
200093364,30419,ROBO TRANSPORTE PUBLICO,1,2020-01-27,1,0,0,24,1,FRACCIONAMIENTO,EL PUERTECITO,700,AVENIDA,JOSE E FEMAT GUTIERREZ,NA,NA,",,,",CALLE,CELESTINO LOPEZ SANCHEZ,CALLE,PUERTO DE ENSENADA,CALLE,PUERTO DE MANZANILLO,5,2,false,true,5,2 HOMBRES,ND,0,0,N,N,false,"28,36",120,120,20,13,TRANSPORTE PUBLICO,TAXI 2793,0,7,,,,,22,-102.24834778,21.93631530
200128273,30420,ROBO TRANSPORTE PUBLICO,2,2020-02-07,5,2,54,25,1,BARRIO,LA SALUD,1122,CALLE,BUSTAMANTE,NA,NA,",,,",CALLE,SANTOS DEGOLLADO,CALLE,PRINCESITA,CALLE,3 DE MAYO,3,3,true,false,9,1 HOMBRE,ND,1,0,N,N,false,36,0,0,1,4,TRANSPORTE PUBLICO,UBER,0,7,,,,,23,-102.28451544,21.87066267
200131947,30419,ROBO TRANSPORTE PUBLICO,2,2020-02-08,6,0,0,26,5,SIN TIPO,SAN MIGUELITO,216,CALLE,ANGELES,NA,NA,"212,,,",CALLE,QUERUBINES,CALLE,SAN MIGUEL,CALLE,ARCANGELES,7,7,false,true,3,2 HOMBRES,ND,0,0,N,N,false,3,0,0,1,1,TRANSPORTE PUBLICO,UBER,0,7,,,,,24,-102.33282028,21.95890574
200140014,30419,ROBO TRANSPORTE PUBLICO,2,2020-02-10,1,0,0,19,1,FRACCIONAMIENTO,OJOCALIENTE III,525,CALLE,AGUA GORDA,NA,NA,",,,",CALLE,EL CHIQUIHUITE,CALLE,LA BOQUILLA,CALLE,LA TACUACHA,4,2,false,true,3,"2 HOMBRES, 1 TENIS ROJOS",ND,0,0,ND,ND,false,"3,15,28",5000,9000,1,1,TRANSPORTE PUBLICO,UBER,0,7,,,,,25,-102.24356286,21.88320063
200143849,30419,ROBO TRANSPORTE PUBLICO,2,2020-02-11,2,0,0,20,1,FRACCIONAMIENTO,BENITO PALOMINO DENA,499,CALLE,JUAN MORALES M,NA,NA,",,,",CALLE,GILBERTO LOPEZ VELARDE,CALLE,FRANCISCO M REVILLA,CALLE,LICENCIADO FRANCISCO RAMIREZ MARTINEZ,5,2,false,true,3,1 HOMBRE,ND,0,0,COCHE,"CHEVY,AZUL,AB156A",false,"11,28",500,600,1,1,TRANSPORTE PUBLICO,TAXI 2649,0,7,,,,,26,-102.25179240,21.91637361
200150298,30420,ROBO TRANSPORTE PUBLICO,2,2020-02-13,4,1,33,25,1,COLONIA,OJO DE AGUA DE PALMITAS,49P,CALLE,FRANCISCO JAVIER MINA,NA,NA,",,,",CALLE,NINGUNO,CALLE,VILLA OBREGON,CALLE,NINGUNO,3,3,true,false,9,1 HOMBRE,ND,0,0,N,N,false,36,0,0,1,4,TRANSPORTE PUBLICO,TAXI 3939,0,7,,,,,27,-102.23123250,21.86068587
200152392,30420,ROBO TRANSPORTE PUBLICO,2,2020-02-13,4,16,57,22,1,FRACCIONAMIENTO,NAZARIO ORTIZ GARZA,452,BOULEVARD,GUADALUPANO,NA,NA,",,,",PROLONGACION,OJOCALIENTE,CALLE,MANUEL GARCIA MARTINEZ,CALLE,PROFESOR GENARO BARBOSA,5,2,true,false,9,1 HOMBRE,ND,0,0,N,N,false,36,0,0,1,2,TRANSPORTE PUBLICO,TAXI 1567,0,7,,,,,28,-102.26245644,21.90510641
200165752,30419,ROBO TRANSPORTE PUBLICO,2,2020-02-17,1,5,12,26,1,COLONIA,MIRAVALLE,750,CALLE,CARLOS BARRON,NA,NA,",,,",CALLE,MIGUEL RUELAS,CALLE,JOSE MARIA ELIZALDE,CALLE,DOCTOR ALBERTO DEL VALLE,6,1,true,true,3,3 MUJERES,ND,0,0,N,N,false,"3,28",70,70,1,1,TRANSPORTE PUBLICO,TAXI 629,0,7,,,,,29,-102.31137513,21.88948797
200149971,30420,ROBO TRANSPORTE PUBLICO,2,2020-02-12,3,22,4,24,1,FRACCIONAMIENTO,LOS ANGELES,322PR,CALLE,ANGELINA,NA,NA,"114,,,",CALLE,VIÃ‘EDOS RIVIER,CALLE,VIÃ‘EDOS SAN MARCOS,CALLE,ANDREA,5,2,false,false,9,ND,ND,0,0,N,N,false,36,0,500,1,1,TRANSPORTE PUBLICO,TAXI,0,7,,,,,30,-102.27666575,21.95492015
200182131,30419,ROBO TRANSPORTE PUBLICO,2,2020-02-21,5,14,34,21,1,FRACCIONAMIENTO,NOTRE DAME,402,CALLE,FEDERICO MENDEZ,NA,NA,",,,",AVENIDA,JOSE DE JESUS GONZALEZ GARCIA,CALLE,REFUGIO CARDONA,CALLE,CELIA MARIA MARTINEZ,5,2,true,true,8,1 HOMBRE,ND,0,0,N,N,false,39,0,0,1,1,TRANSPORTE PUBLICO,TAXI,0,7,,,,,31,-102.24893836,21.92884589
200183888,30420,ROBO TRANSPORTE PUBLICO,2,2020-02-21,5,22,5,24,1,FRACCIONAMIENTO,LAS CUMBRES,441,AVENIDA,OJOCALIENTE,NA,NA,",,,",CALLE,PENSADORES MEXICANOS,CALLE,AMBROSIO VERASTEGUI GUERRERO,CALLE,AMBROSIO VERASTEGUI GUERRERO,5,2,true,false,9,1 HOMBRE,ND,1,0,N,N,false,36,0,0,1,4,TRANSPORTE PUBLICO,TAXI 2982,0,7,,,,,32,-102.26638824,21.91285427
200186160,30420,ROBO TRANSPORTE PUBLICO,2,2020-02-22,6,14,51,21,1,FRACCIONAMIENTO,PENSADORES MEXICANOS,774,CALLE,RENATO LEDUC,NA,NA,"202,,,",AVENIDA,PENSADORES MEXICANOS PONIENTE,CALLE,CARLOS FUENTES MARES,CALLE,EFRAIN HUERTA,5,2,true,false,9,1 HOMBRE,ND,1,0,N,N,false,36,0,80,1,4,TRANSPORTE PUBLICO,TAXI 237,0,7,,,,,33,-102.26372964,21.91465969
200188551,30419,ROBO TRANSPORTE PUBLICO,2,2020-02-23,7,0,0,25,1,FRACCIONAMIENTO,VERSALLES II,1071,CALLE,ENRIQUE C REBSAMEN,NA,NA,",,,",AVENIDA,DE LOS MAESTROS,CALLE,JESUS REYES HEROLES,AVENIDA,AGUASCALIENTES SUR,2,4,false,true,3,"1 HOMBRE, 1 MUJER",ND,0,0,N,N,false,28,0,0,1,1,TRANSPORTE PUBLICO,TAXI 150,0,7,,,,,34,-102.31454097,21.85776829
200192442,30420,ROBO TRANSPORTE PUBLICO,2,2020-02-23,7,22,55,24,1,FRACCIONAMIENTO,MUNICIPIO LIBRE,768,CALLE,TORCAZAS,NA,NA,",,,",CALLE,TINAJUELA,CALLE,EL BAJIO,CALLE,JABONERA,4,2,true,false,9,1 HOMBRE,ND,0,0,N,N,false,36,0,0,1,1,TRANSPORTE PUBLICO,TAXI 652,0,7,,,,,35,-102.25779612,21.89556472
200192861,30420,ROBO TRANSPORTE PUBLICO,2,2020-02-24,1,1,5,25,1,FRACCIONAMIENTO,PILAR BLANCO,981,PROLONGACION,PASEO DE LA ASUNCION,NA,NA,",,,",CALLE,ANDADOR DE LAS GAVIOTAS,ANDADOR,PASEO DEL Ã‘ANDU,CALLE,PASEO DE QUETZAL,2,5,true,false,9,2 HOMBRES,ND,0,0,N,N,false,36,0,0,1,1,TRANSPORTE PUBLICO,TAXI 3480,0,7,,,,,36,-102.30110916,21.84805739
200203080,30420,ROBO TRANSPORTE PUBLICO,2,2020-02-26,3,0,0,22,1,FRACCIONAMIENTO,LOMAS DEL AJEDREZ,1121,CALLE,CAROLINA VILLANUEVA,NA,NA,"1111,,,",AVENIDA,DEL REY,CALLE,DE LA TORRE,CALLE,DE LA DAMA,3,3,false,false,9,ND,ND,0,0,N,N,false,28,2700,2700,1,1,TRANSPORTE PUBLICO,CAMION URBANO NUMERO 1231,0,7,,,,,37,-102.25315298,21.84004711
200205253,30420,ROBO TRANSPORTE PUBLICO,2,2020-02-27,4,10,53,20,1,FRACCIONAMIENTO,INDEPENDENCIA,645,CALLE,CEDRO,NA,NA,"207,,,",CALLE,YUCATAN,CALLE,TABASCO,CALLE,ALAMO,6,1,true,false,9,1 HOMBRE,ND,1,0,N,N,false,39,0,0,2,4,TRANSPORTE PUBLICO,ND,0,7,,,,,38,-102.29846571,21.90531346
200211836,30420,ROBO TRANSPORTE PUBLICO,2,2020-02-29,6,0,0,25,1,FRACCIONAMIENTO,VALLE DORADO,1049,AVENIDA,LAS AMERICAS,NA,NA,",,,",CALLE,REPUBLICA MEXICANA,CALLE,REPUBLICA DE CHILE,CALLE,REPUBLICA DE PUERTO RICO,2,4,false,false,9,1 HOMBRE,ND,0,0,N,N,false,29,0,0,1,1,TRANSPORTE PUBLICO,UBER,0,7,,,,,39,-102.30336644,21.86337555
200197212,30420,ROBO TRANSPORTE PUBLICO,2,2020-02-25,2,9,23,20,11,FRACCIONAMIENTO,LA RIBERA,350P,CALLE,JOCOTEPEC,NA,NA,",,,",CALLE,JAMAY,AVENIDA,RIVERA DE CHAPALA,CALLE,AJIJIC,7,7,true,false,9,1 HOMBRE,JOSE LUIS FLORES ROSALES,1,0,N,N,false,36,0,0,1,1,TRANSPORTE PUBLICO,TAXI 2550,0,7,,,,,40,-102.25543708,21.95967927
200208177,30420,ROBO TRANSPORTE PUBLICO,2,2020-02-28,5,4,7,26,1,FRACCIONAMIENTO,POZO BRAVO,421,CALLE,POZO BLANCO,NA,NA,"222,,,",CALLE,GENERAL PANFILO NATERA,CALLE,PAULINO N MARTI,CALLE,POZO DE LA PLATA,5,2,true,false,9,1 HOMBRE,ND,0,0,N,N,false,36,0,0,1,1,TRANSPORTE PUBLICO,TAXI 1197,0,7,,,,,41,-102.28020720,21.92825949
200212260,30420,ROBO TRANSPORTE PUBLICO,2,2020-02-29,6,7,17,19,1,CC,AGROPECUARIO,763,CALLE,COMERCIO,NA,NA,",,,",BOULEVARD,A ZACATECAS,CALLE,MANZANO,CALLE,DURAZNO,6,1,true,false,9,2 HOMBRES,ND,0,0,N,N,false,36,0,0,1,1,TRANSPORTE PUBLICO,TAXI 3370,0,7,,,,,42,-102.29243120,21.91298288
200215317,30420,ROBO TRANSPORTE PUBLICO,2,2020-02-29,6,21,30,24,1,FRACCIONAMIENTO,FRACC RODOLFO LANDEROS GALLEGOS,459,AVENIDA,POLIDUCTO,NA,NA,",,,",CALLE,FERIAL,CALLE,PELEA DE GALLOS,CALLE,CECILIA LEAL ARREGUI,4,2,true,false,9,UNOS HOMBRES,ND,0,0,N,N,false,36,0,0,1,1,TRANSPORTE PUBLICO,TAXI 699,0,7,,,,,43,-102.24767246,21.89986899
200233077,30419,ROBO TRANSPORTE PUBLICO,3,2020-03-05,4,7,36,19,1,FRACCIONAMIENTO,VILLAS DEL RIO,698,CALLE,RIO YAQUI,NA,NA,",,,",CALLE,RIO ARMERIA,CALLE,RIO COTLAMANI,CALLE,RIO NAUTLA,5,2,true,true,5,1 HOMBRE,ND,0,0,N,N,false,36,0,69,1,1,TRANSPORTE PUBLICO,TAXI 2789,0,7,,,,,44,-102.24262201,21.94001822
200232809,30419,ROBO TRANSPORTE PUBLICO,3,2020-03-05,4,1,51,25,1,CONDOMINIO,OJOCALIENTE INEGI,740,CALLE,LAS CUMBRES,NA,NA,",,,",CALLE,CIENEGUILLAS,CALLE,EL MOCHO,CALLE,RETOÃ‘O,4,2,true,true,1,"1 HOMBRE, CEJA RASURADA",ND,0,0,N,N,false,11,0,2500,1,1,TRANSPORTE PUBLICO,TAXI,0,7,,,,,45,-102.24858001,21.87696605
200231632,30420,ROBO TRANSPORTE PUBLICO,3,2020-03-04,3,16,0,22,1,FRACCIONAMIENTO,FRACC RODOLFO LANDEROS GALLEGOS,459,AVENIDA,RODOLFO LANDEROS GALLEGOS,NA,NA,",,,",AVENIDA,POLIDUCTO,CALLE,CECILIA LEAL ARREGUI,CALLE,JOSEFINA SALDAMANDO,4,2,false,false,9,1 HOMBRE,ND,0,0,N,N,false,36,0,50,1,1,TRANSPORTE PUBLICO,TAXI 32582,0,7,,,,,46,-102.24854904,21.90351686
200248272,30420,ROBO TRANSPORTE PUBLICO,3,2020-03-08,7,0,0,23,1,FRACCIONAMIENTO,LOMAS DEL AJEDREZ,1121,AVENIDA,DEL REY,NA,NA,",,,",CALLE,CAROLINA VILLANUEVA,CALLE,DE LA TORRE,CALLE,DE LA DAMA,3,3,false,false,9,ND,ND,0,0,N,N,false,28,1500,1500,1,1,TRANSPORTE PUBLICO,CAMION URBANO NUMERO 951 RUTA 14,0,7,,,,,47,-102.25412773,21.83996322
200257132,30419,ROBO TRANSPORTE PUBLICO,3,2020-03-10,2,0,0,24,1,COLONIA,EL LLANITO,988,CALLE,18 DE JULIO,NA,NA,",,,",CALLE,COSIO SUR,CALLE,8 DE MAYO,AVENIDA,LICENCIADO ADOLFO LOPEZ MATEOS PONIENTE,1,5,false,true,1,1 HOMBRE,GRIBAN RASID,0,0,N,N,false,28,700,700,1,1,TRANSPORTE PUBLICO,DIDI,0,7,,,,,48,-102.28608948,21.87845592
200257996,30420,ROBO TRANSPORTE PUBLICO,3,2020-03-11,3,9,26,20,1,FRACCIONAMIENTO,SAN CAYETANO,1118,CALLE,SAN JOSE,NA,NA,"243,,,",CALLE,CARLOS SAGREDO,CALLE,SAN CLEMENTE,CALLE,SAN COSME,6,1,true,false,9,1 PERSONA,ND,0,0,N,N,false,36,0,0,1,1,TRANSPORTE PUBLICO,TAXI 3134,0,7,,,,,49,-102.31031917,21.89957171
200264167,30420,ROBO TRANSPORTE PUBLICO,3,2020-03-12,4,16,0,22,1,BARRIO,BARRIO SAN MARCOS,735,CALLE,ANTONIO ARIAS BERNAL,NA,NA,",,,",CALLE,GENERAL EMILIANO ZAPATA,CALLE,TALAMANTES,CALLE,AZTECA,1,5,false,false,9,1 HOMBRE,ND,0,0,N,N,false,28,1500,1500,1,1,TRANSPORTE PUBLICO,TAXI 3801,0,7,,,,,50,-102.30390934,21.88153012
200267088,30419,ROBO TRANSPORTE PUBLICO,3,2020-03-13,5,13,10,21,1,FRACCIONAMIENTO,LIBERTAD,695,CALLE,PLAN DE LA PROFESA,NA,NA,"101,,,",AVENIDA,CONSTITUCION,CALLE,GENERAL PANFILO NATERA,CALLE,CUMBRE DE ACUTZINGO,5,2,false,true,5,1 HOMBRE,ND,1,0,N,N,false,"3,36",0,3500,1,4,TRANSPORTE PUBLICO,TAXI,0,7,,,,,51,-102.28307719,21.92967992
200269944,30419,ROBO TRANSPORTE PUBLICO,3,2020-03-14,6,2,5,25,1,FRACCIONAMIENTO,CIRCUNVALACION PONIENTE,942,AVENIDA,LICENCIADO ADOLFO LOPEZ MATEOS PONIENTE,NA,NA,",,,",CALLE,CHABACANO,AVENIDA,CONVENCION DE 1914 PONIENTE,CALLE,MANZANO,2,4,false,true,2,2 PERSONAS,ND,0,0,N,N,false,"28,29",700,700,1,1,TRANSPORTE PUBLICO,TAXI 599,0,7,,,,,52,-102.31139844,21.87419656
200276844,30420,ROBO TRANSPORTE PUBLICO,3,2020-03-15,7,12,30,21,1,FRACCIONAMIENTO,LUIS ORTEGA DOUGLAS,440,CALLE,NORIAS DE OJOCALIENTE,NA,NA,"117,,,",CALLE,EL GIGANTE,AVENIDA,PENSADORES MEXICANOS,CALLE,NORIAS DE PASO HONDO,5,2,false,false,9,1 HOMBRE,ND,0,0,N,N,false,"28,29",700,0,1,1,TRANSPORTE PUBLICO,DRIVER,0,7,,,,,53,-102.26702382,21.90888822
200253403,30420,ROBO TRANSPORTE PUBLICO,3,2020-03-10,2,2,48,25,5,COLONIA,J GOMEZ PORTUGAL ORIENTE,125,CALLE,ORQUIDEAS,NA,NA,"120,,,",CALLE,GARDENIA,CALLE,HIGINIO CHAVEZ,CALLE,BUGAMBILIA,7,7,true,false,9,1 HOMBRE,ND,0,0,N,N,false,36,0,0,1,14,TRANSPORTE PUBLICO,TAXI 734,0,7,,,,,54,-102.28614493,21.99687258
200261426,30420,ROBO TRANSPORTE PUBLICO,3,2020-03-12,4,0,33,25,1,FRACCIONAMIENTO,SANTA ELENA,1105,CALLE,MEDELLIN,NA,NA,",,,",AVENIDA,IGNACIO T CHAVEZ,CALLE,REPUBLICA DE BELICE,CALLE,REPUBLICA DE COLOMBIA,2,4,true,false,9,1 HOMBRE,ND,0,0,N,N,false,36,0,0,1,14,TRANSPORTE PUBLICO,TAXI 3005,0,7,,,,,55,-102.30726176,21.87011127
200267663,30420,ROBO TRANSPORTE PUBLICO,3,2020-03-13,5,15,30,21,1,FRACCIONAMIENTO,VALLE DE LOS CACTUS,725,CALLE,SALVADOR RAMIREZ MARTIN DEL CAMPO,NA,NA,",,,",CALLE,PASEO DE LA BIZNAGA,CALLE,JOSE GUERRA PALOS,CALLE,ISABEL JIMENEZ DIAZ,4,2,true,false,9,1 HOMBRE,ND,1,0,N,N,false,36,0,0,1,4,TRANSPORTE PUBLICO,TAXI 4010,0,7,,,,,56,-102.23353199,21.87004494
200273631,30420,ROBO TRANSPORTE PUBLICO,3,2020-03-14,6,21,39,24,1,BARRIO,LA PURISIMA,915,CALLE,JUAN DE MONTORO,NA,NA,",,,",CALLE,COSIO SUR,CALLE,DIANA,CALLE,FRANCISCO G HORNEDO,1,5,true,false,9,1 HOMBRE,ND,0,0,N,N,false,36,0,0,1,1,TRANSPORTE PUBLICO,TAXI 120,0,7,,,,,57,-102.28668939,21.88233481
200295621,30419,ROBO TRANSPORTE PUBLICO,3,2020-03-20,5,0,0,26,1,FRACCIONAMIENTO,INSURGENTES,1046,CALLE,GENERAL JULIAN MEDINA,NA,NA,",,,",CALLE,GENERAL LUCIO BLANCO,CALLE,GENERAL JESUS CARRANZA,CALLE,ABRAHAM GONZALEZ,2,4,false,true,1,2 HOMBRES,ND,0,0,MOTO,ITALIKA,false,"3,29",0,0,1,1,TRANSPORTE PUBLICO,TAXISTA 3616,0,7,,,,,58,-102.30397592,21.84684256
200298278,30419,ROBO TRANSPORTE PUBLICO,3,2020-03-20,5,0,0,23,1,FRACCIONAMIENTO,MIRADOR DE LAS CULTURAS,442,CALLE,CULTURA ITZOTZILOS,NA,NA,",,,",AVENIDA,CULTURA OTOMI,CALLE,CULTURA CHICHIMECA,CALLE,CULTURA OTOMI 406,5,2,false,true,8,1 HOMBRE,ND,0,0,N,N,false,36,0,0,1,1,TRANSPORTE PUBLICO,TAXI 3168,0,7,,,,,59,-102.24642898,21.90901682
200298699,30420,ROBO TRANSPORTE PUBLICO,3,2020-03-20,5,21,1,23,1,FRACCIONAMIENTO,MORELOS II,622,AVENIDA,SIGLO XXI,NA,NA,",,,",CALLE,MAYO DE 1812,CALLE,CORREGIDORA,CALLE,MARIANO JIMENEZ,3,3,true,false,9,1 MUJER,ND,0,0,N,N,false,36,0,0,1,14,TRANSPORTE PUBLICO,TAXI 1439,0,7,,,,,60,-102.26040454,21.85411080
200300299,30420,ROBO TRANSPORTE PUBLICO,3,2020-03-21,6,7,33,19,1,FRACCIONAMIENTO,JESUS GOMEZ PORTUGAL,528,CALLE,CIRIO,NA,NA,",,,",CALLE,ESTRELLA POLAR,CALLE,LIBRA,CALLE,ALBEDARAN,3,3,true,false,9,1 HOMBRE,ND,0,0,N,N,false,36,0,0,1,1,TRANSPORTE PUBLICO,DIDI,0,7,,,,,61,-102.26471704,21.87061757
200299472,30419,ROBO TRANSPORTE PUBLICO,3,2020-03-20,5,23,52,24,1,FRACCIONAMIENTO,NATURA,699,ANDADOR,I,NA,NA,",,,",CALLE,JOSE CONTRERAS ESPARZA,AVENIDA,JOSE E FEMAT GUTIERREZ,CIRCUITO,PERICO,5,2,false,true,1,3 HOMBRES,ND,0,0,N,N,false,36,0,0,1,1,TRANSPORTE PUBLICO,TAXI 632,0,7,,,,,62,-102.24863973,21.93423444
200316859,30420,ROBO TRANSPORTE PUBLICO,3,2020-03-24,2,22,1,24,1,FRACCIONAMIENTO,CASA BLANCA,553,CALLE,VIVERO DEL RETIRO,NA,NA,",,,",CALLE,VIVERO DEL PRADO,PROLONGACION,30 DE SEPTIEMBRE,CALLE,CAUDILLOS,3,3,true,false,9,1 HOMBRE,ND,1,0,N,N,false,36,0,0,1,4,TRANSPORTE PUBLICO,TAXISTA 1628,0,7,,,,,63,-102.27222422,21.85867830
200324944,30419,ROBO TRANSPORTE PUBLICO,3,2020-03-27,5,2,24,25,1,UNIDAD HABITACIONAL,LOS VOLCANES,592,AVENIDA,PASEO DE LA CRUZ,NA,NA,",,,",CALLE,IZTACCIHUATL,CALLE,POPOCATEPETL,CALLE,CITLALTEPEC,3,3,false,true,2,2 HOMBRES,ND,0,0,N,N,false,28,320,320,1,1,TRANSPORTE PUBLICO,TAXISTA 1904,0,7,,,,,64,-102.26830228,21.87389064
200327957,30420,ROBO TRANSPORTE PUBLICO,3,2020-03-27,5,22,51,24,1,COLONIA,ZONA CENTRO,906,AVENIDA,FRANCISCO I MADERO,NA,NA,",,,",CALLE,COSIO NORTE,CALLE,AGUSTIN R GONZALEZ,CALLE,LICENCIADO FRANCISCO PRIMO VERDAD,1,5,true,false,9,2 HOMBRES,ND,0,0,N,N,false,36,0,0,20,13,TRANSPORTE PUBLICO,TAXI 2911,0,7,,,,,65,-102.28782242,21.88343055
200336260,30420,ROBO TRANSPORTE PUBLICO,3,2020-03-30,1,0,13,25,1,FRACCIONAMIENTO,REENCUENTRO,408,AVENIDA,LUISA FERNANDEZ VILLA,NA,NA,",,,",CALLE,DE LA TORRE,CALLE,PEDRO RINCON DE ARTEAGA,CALLE,MATEO JOSE DE ARTEAGA,3,3,true,false,9,1 MUJER,ND,0,0,N,N,false,36,0,0,1,1,TRANSPORTE PUBLICO,TAXI 3790,0,7,,,,,66,-102.24959535,21.84105596
200350740,30420,ROBO TRANSPORTE PUBLICO,4,2020-04-04,6,0,36,25,1,SIN TIPO,AVICOLA AGS,692R,BOULEVARD,A ZACATECAS,NA,NA,",,,",AVENIDA,SIGLO XXI,CALLE,ARROYO EL MOLINO,AVENIDA,CONSTITUCION,5,2,true,false,9,2 MUJERES,ND,2,0,N,N,false,36,0,0,1,4,TRANSPORTE PUBLICO,UBER,0,7,,,,,67,-102.29042331,21.94327199
200358058,30420,ROBO TRANSPORTE PUBLICO,4,2020-04-06,1,15,4,21,1,FRACCIONAMIENTO,HACIENDA SAN MARCOS,317P,CALLE,HACIENDA SANTORAL,NA,NA,"134,,,",CALLE,HACIENDA SANTORAL 130,CALLE,HACIENDA SANTORAL 128,CALLE,HACIENDA SANTORAL 130,3,3,false,false,9,1 PERSONA,ND,1,0,N,N,false,36,0,0,1,4,TRANSPORTE PUBLICO,TAXI,0,7,,,,,68,-102.27294400,21.80487918
200366034,30420,ROBO TRANSPORTE PUBLICO,4,2020-04-09,4,17,4,22,1,FRACCIONAMIENTO,REAL DEL SOL,492R,AVENIDA,HACIENDA DE OJOCALIENTE,NA,NA,",,,",CALLE,ARPA,CALLE,HACIENDA DEL MORAL,CALLE,MERCURIO,4,2,true,false,9,1 HOMBRE. 1 MUJER,ND,0,0,N,N,false,36,0,0,1,1,TRANSPORTE PUBLICO,TAXI 2843,0,7,,,,,69,-102.23887022,21.89146062
200374125,30419,ROBO TRANSPORTE PUBLICO,4,2020-04-12,7,0,0,21,1,FRACCIONAMIENTO,LOMAS DEL SUR,319P,AVENIDA,HEROE INMORTAL,NA,NA,",,,",AVENIDA,SAN SEBASTIAN,CARRETERA,110 PENSION MUNICIPAL LOS PARGA,N,N,3,1,false,true,1,1 HOMBRE,ND,0,0,N,N,false,"28,38",0,0,1,1,TRANSPORTE PUBLICO,TAXI 628,0,7,,,,,70,-102.26745025,21.82372442
200373704,30419,ROBO TRANSPORTE PUBLICO,4,2020-04-12,7,13,0,21,1,FRACCIONAMIENTO,LA ESTRELLA,483,AVENIDA,GABRIELA MISTRAL,NA,NA,",,,",AVENIDA,DE LA CONVENCION DE 1914 ORIENTE,CALLE,ARIES,CALLE,GREGORIO MARTINEZ SOTO,5,2,false,true,2,"2 HOMBRES, 1 CABELLO AMARILLO",ND,0,0,N,N,false,28,0,0,1,1,TRANSPORTE PUBLICO,TAXI 779,0,7,,,,,71,-102.27949655,21.89810316
200382907,30420,ROBO TRANSPORTE PUBLICO,4,2020-04-15,3,23,11,24,1,FRACCIONAMIENTO,PASEOS DE SAN ANTONIO,324P,CALLE,VOLOS,NA,NA,",,,",CALLE,PATRAS,CALLE,MENORCA,AVENIDA,DE LAS PRESAS,3,3,true,false,9,1 HOMBRE,ND,0,0,N,N,false,36,0,0,1,1,TRANSPORTE PUBLICO,TAXI 4173,0,7,,,,,72,-102.26557226,21.80806002
200392044,30420,ROBO TRANSPORTE PUBLICO,4,2020-04-18,6,5,17,26,1,PI,SIGLO XXI,315PR,CARRETERA,45 LEON AGUASCALIENTES,NA,NA,",,,",CALLE,JUAN CARLOS,CALLE,NINGUNO,PROLONGACION,MAHATMA GANDHI,2,4,true,false,9,1 HOMBRE,ND,0,0,N,N,false,36,0,100,1,2,TRANSPORTE PUBLICO,TAXI 2990,0,7,,,,,73,-102.28390734,21.80166999
200396947,30420,ROBO TRANSPORTE PUBLICO,4,2020-04-19,7,7,4,19,11,FRACCIONAMIENTO,LA RIBERA,350P,CALLE,CAJITITLAN,NA,NA,"131,,,",AVENIDA,RIBERA DE CHAPALA,AMPLIACION,EL SALTO,CALLE,CHAPALA,7,7,true,false,9,1 MUJER,MARIA TERESA NICASIO ZUÃ‘IGA,1,0,N,N,false,36,0,120,1,4,TRANSPORTE PUBLICO,TAXI 1099,0,7,,,,,74,-102.25133229,21.95434761
200390144,30420,ROBO TRANSPORTE PUBLICO,4,2020-04-17,5,19,21,23,1,FRACCIONAMIENTO,CIRCUNVALACION NORTE,399,CALLE,ALAMO,NA,NA,"201,,,",AVENIDA,CONVENCION DE 1914 NORTE,CALLE,ALFREDO LEWIS,CALLE,PINO,6,1,false,false,9,1 HOMBRE,ND,0,0,N,N,false,"28,36",200,200,1,2,TRANSPORTE PUBLICO,TAXI 1490,0,7,,,,,75,-102.29734790,21.89835276
200398164,30420,ROBO TRANSPORTE PUBLICO,4,2020-04-19,7,0,0,21,1,FRACCIONAMIENTO,VILLA LAS PALMAS,582,CALLE,VILLA DE COS,NA,NA,",,,",AVENIDA,PROCERES DE LA ENSEÃ‘ANZA,CALLE,VILLA OBREGON,CALLE,FRANCISCO JAVIER MINA,3,3,false,false,9,3 HOMBRES,ND,0,0,N,N,false,"3,28,36",90,90,1,1,TRANSPORTE PUBLICO,TAXI 736,0,7,,,,,76,-102.23329468,21.86071428
200399456,30419,ROBO TRANSPORTE PUBLICO,4,2020-04-19,7,0,0,23,1,FRACCIONAMIENTO,NATURA,699,AVENIDA,JOSE A FEMAT GUTIERREZ,NA,NA,",,,",CALLE,CELESTINO LOPEZ SANCHEZ,CIRCUITO,TALIO,CALLE,SALVADOR LOPEZ SANCHEZ,5,2,false,true,4,2 MUJERES,ND,1,0,N,N,false,"3,28",500,500,1,4,TRANSPORTE PUBLICO,TAXI 1588,0,7,,,,,77,-102.24992628,21.93628044
200404643,30420,ROBO TRANSPORTE PUBLICO,4,2020-04-21,2,0,0,25,1,FRACCIONAMIENTO,INF MORELOS,616,CALLE,UXMAL,NA,NA,"518,,,",CALLE,HOPELCHEN,CALLE,COPAN,CALLE,MARIANO HIDALGO,3,3,true,false,9,2 HOMBRES,ND,0,0,N,N,false,36,0,150,1,2,TRANSPORTE PUBLICO,TAXI 2258,0,7,,,,,78,-102.25743602,21.86488938
200416151,30420,ROBO TRANSPORTE PUBLICO,4,2020-04-24,5,9,45,20,1,FRACCIONAMIENTO,VALLE DEL CAMPESTRE,781,BOULEVARD,LUIS DONALDO COLOSIO,NA,NA,",,,",CALLE,MONTE EVEREST,CALLE,SAN JUAN DE LOS LAGOS,CALLE,ARBOLEDAS,6,1,true,false,9,1 HOMBRE,ND,0,0,N,N,false,36,0,85,1,14,TRANSPORTE PUBLICO,TAXI 2010,0,7,,,,,79,-102.31291771,21.92453159
200423909,30420,ROBO TRANSPORTE PUBLICO,4,2020-04-26,7,3,44,26,1,FRACCIONAMIENTO,REAL DEL SOL,492R,AVENIDA,VALLARTA,NA,NA,",,,",CALLE,ARPA,CALLE,ASTEROIDE,CIRCUITO,ESTELAR,4,2,true,false,9,UNOS HOMBRES,ND,0,0,N,N,false,36,0,0,1,2,TRANSPORTE PUBLICO,UBER,0,7,,,,,80,-102.23815916,21.88864675
200425249,30419,ROBO TRANSPORTE PUBLICO,4,2020-04-26,7,0,0,21,1,FRACCIONAMIENTO,VILLA LAS PALMAS II,596,CALLE,FRANCISCO JAVIER MINA,NA,NA,",,,",CALLE,VILLA PATRICIA,CALLE,VILLA OBREGON,CALLE,VILLA VERONICA,3,3,false,true,3,UNOS HOMBRES,ND,0,0,N,N,false,"3,30",0,0,1,1,TRANSPORTE PUBLICO,TAXI 3523,0,7,,,,,81,-102.23075743,21.86087225
200425651,30419,ROBO TRANSPORTE PUBLICO,4,2020-04-26,7,0,0,21,1,FRACCIONAMIENTO,VNSA SECTOR GUADALUPE,402,AVENIDA,JOSE DE JESUS GONZALEZ GARCIA,NA,NA,",,,",CALLE,ERMITA DE SAN SEBASTIAN,CALLE,GERONIMO DE LA CUEVA,CALLE,CONRADO SANTACRUZ DE SANTIAGO,5,2,false,true,1,"2 HOMBRES, 1 TATUAJE DE AGUILA EN EL CUELLO, EL OTRO TATUAJE EN MANO DERECHA",ND,0,0,N,N,false,28,400,400,1,1,TRANSPORTE PUBLICO,TAXI 2461,0,7,,,,,82,-102.26050416,21.93144541
200415926,30420,ROBO TRANSPORTE PUBLICO,4,2020-04-24,5,7,58,19,1,FRACCIONAMIENTO,ESPAÃ‘A,1052,CALLE,GRANADA,NA,NA,"152,,,",CALLE,CANADA,AVENIDA,DE LOS MAESTROS,CALLE,BARCELONA,2,4,true,false,9,1 PERSONA,ND,0,0,N,N,false,36,0,75,1,1,TRANSPORTE PUBLICO,TAXI 125,0,7,,,,,83,-102.31517814,21.86208562
200431304,30420,ROBO TRANSPORTE PUBLICO,4,2020-04-28,2,7,6,19,1,FRACCIONAMIENTO,LOS PERICOS,770,AVENIDA,SAN FEDERICO,NA,NA,",,,",CALLE,SANTA RITA,CALLE,SANTA ELENA,AVENIDA,SANTA CECILIA,5,2,true,false,9,1 HOMBRE,ND,0,0,N,N,false,36,0,0,1,2,TRANSPORTE PUBLICO,TAXI 3425,0,7,,,,,84,-102.24811229,21.90891182
200437950,30419,ROBO TRANSPORTE PUBLICO,4,2020-04-29,3,22,14,24,1,FRACCIONAMIENTO,PASEOS DE SAN ANTONIO,324P,AVENIDA,RANCHO SAN ANTONIO,NA,NA,",,,",AVENIDA,DE LAS PRESAS,CALLE,FRIGIA,CALLE,CAPRI,3,3,false,true,1,1 HOMBRE,ND,0,0,N,N,false,"3,28",4000,6000,1,1,TRANSPORTE PUBLICO,CAMION URBANO RUTA 37,0,7,,,,,85,-102.26677505,21.80999679
200446253,30419,ROBO TRANSPORTE PUBLICO,5,2020-05-02,6,8,59,19,1,COLONIA,CUMBRES III,320P,CALLE,EFRAIN GONZALEZ LUNA,NA,NA,",,,",CALLE,NINGUNO,CALLE,NINGUNO,BOULEVARD,GUADALUPANO,5,2,false,true,4,3 HOMBRES,ND,0,1,COCHES,"HONDA,PLATA,SIN PLACAS,AVEO,GRIS",false,"3,28",0,6000,"1,9",52,TRANSPORTE PUBLICO,TAXI 571,0,7,,,,,86,-102.24157918,21.92002932
200452184,30420,ROBO TRANSPORTE PUBLICO,5,2020-05-03,7,17,59,22,1,FRACCIONAMIENTO,LOS LAURELES II,703,CIRCUITO,EL LAUREL SUR,NA,NA,",,,",CIRCUITO,EL SABINAL,PRIVADA,EL LAUREL ORIENTE,CALLE,SAN JOSE,4,2,false,false,9,1 HOMBRE,ND,0,0,N,N,false,28,800,800,1,1,TRANSPORTE PUBLICO,CAMION URBANO RUTA 9,0,4,,,,,87,-102.23856977,21.90172155
200457667,30420,ROBO TRANSPORTE PUBLICO,5,2020-05-05,2,1,10,25,1,FRACCIONAMIENTO,VILLAS DEL PILAR III,1044,CALLE,GENERAL JULIAN MEDINA,NA,NA,",,,",PROLONGACION,PASEO DE LA ASUNCION,CALLE,GENERAL ROQUE GONZALEZ GARZA,AVENIDA,SIGLO XXI,2,4,true,false,9,2 HOMBRES,ND,0,0,N,N,false,36,0,50,1,2,TRANSPORTE PUBLICO,TAXI 4057,0,7,,,,,88,-102.30153143,21.84681885
200460408,30420,ROBO TRANSPORTE PUBLICO,5,2020-05-05,2,18,53,22,5,FRACCIONAMIENTO,RUISEÃ‘ORES,338P,CIRCUITO,AGUILA,NA,NA,"111,,,",AVENIDA,RUISEÃ‘OR,CIRCUITO,FAISAN,CIRCUITO,PALOMA,7,7,true,false,9,3 HOMBRES Y 1 MUJER,ND,0,0,N,N,false,36,0,0,1,1,TRANSPORTE PUBLICO,TAXI 3035,0,7,,,,,89,-102.33072068,21.96823533
200462068,30419,ROBO TRANSPORTE PUBLICO,5,2020-05-06,3,7,0,19,1,FRACCIONAMIENTO,OJO DE AGUA DE PALMITAS II,544,CALLE,MIGUEL HIDALGO,NA,NA,",,,",CALLE,FRANCISCO SARABIA,CALLE,NINGUNO,CALLE,MARIA ISABEL R MONTOYA,3,3,false,true,1,1 HOMBRE,ND,0,0,N,N,true,"3,30",0,3000,1,1,TRANSPORTE PUBLICO,TAXI 3909,0,7,,,,,90,-102.23795678,21.85874021
200460170,30420,ROBO TRANSPORTE PUBLICO,5,2020-05-05,2,0,0,22,5,FRACCIONAMIENTO,LA CAÃ‘ADA,229,AVENIDA,SOLIDARIDAD,NA,NA,",,,",CALLE,BENIGNO CHAVEZ,CALLE,JOSE DE LA CRUZ ARENAS,CALLE,INEGI,7,7,false,false,9,4 HOMBRES,ND,0,0,N,N,false,36,0,0,1,2,TRANSPORTE PUBLICO,TAXI 3035,0,7,,,,,91,-102.35522295,21.95502382
200464176,30420,ROBO TRANSPORTE PUBLICO,5,2020-05-06,3,19,49,23,5,COMUNIDAD,TEPETATES,191P,CALLE,5 DE FEBRERO,NA,NA,",,,",CALLE,INDEPENDENCIA,PRIVADA,INDEPENDENCIA,CARRETERA,53 PASO BLANCO,7,7,true,false,9,1 PERSONA,ND,0,0,N,N,false,36,0,0,1,1,TRANSPORTE PUBLICO,TAXI 1059,0,7,,,,,92,-102.32239927,21.95669140
200467498,30419,ROBO TRANSPORTE PUBLICO,5,2020-05-07,4,22,38,24,1,FRACCIONAMIENTO,MORELOS II,622,CALLE,CORREGIDORA,NA,NA,"1407,,,",CALLE,CARLOS MARIA DE BUSTAMANTE,CALLE,JOSE MARIA LICEAGA,CALLE,HERMANOS GALEANA,3,3,false,true,8,ND,ND,0,0,N,N,false,"3,28",150,3650,1,1,TRANSPORTE PUBLICO,TAXI 2153,0,7,,,,,93,-102.26159015,21.85225210
200468047,30419,ROBO TRANSPORTE PUBLICO,5,2020-05-08,5,6,18,19,1,FRACCIONAMIENTO,BAJIO DE LAS PALMAS,533,CALLE,PALMA BAMBU,NA,NA,",,,",CALLE,PALMA MEXICANA,CALLE,PROLONGACION AVENIDA POLIDUCTO,CALLE,PALMA PLATEADA,3,3,true,true,2,2 HOMBRES,ND,0,0,N,N,false,"11,22",0,0,1,1,TRANSPORTE PUBLICO,TAXI 1277,0,7,,,,,94,-102.24179207,21.86253689
200454509,30420,ROBO TRANSPORTE PUBLICO,5,2020-05-04,1,9,0,19,1,CC,HEB,843,AVENIDA,INDEPENDENCIA,NA,NA,",,,",PRIVADA,HAROLD R PAPE,AVENIDA,AGUASCALIENTES NORTE,BOULEVARD,A ZACATECAS,6,1,true,false,9,1 HOMBRE,ND,0,0,N,N,false,36,0,200,1,14,TRANSPORTE PUBLICO,TAXI 3059,0,7,,,,,95,-102.29617858,21.91643868
200476641,30420,ROBO TRANSPORTE PUBLICO,5,2020-05-11,1,6,8,19,1,FRACCIONAMIENTO,MEXICO,1081,AVENIDA,HEROE DE NACOZARI SUR,NA,NA,",,,",CALLE,CASA BLANCA,AVENIDA,AGUASCALIENTES SUR,CALLE,SONORA,3,3,true,false,9,1 MUJER,ND,0,0,N,N,false,36,0,0,1,1,TRANSPORTE PUBLICO,TAXI 3215,0,7,,,,,96,-102.28262225,21.86243883
200484936,30419,ROBO TRANSPORTE PUBLICO,5,2020-05-14,4,0,49,25,1,FRACCIONAMIENTO,BAJIO DE LAS PALMAS,533,AVENIDA,POLIDUCTO,NA,NA,",,,",CALLE,REPUBLICA MEXICANA,CALLE,PALMA GUADALUPE,CALLE,PALMA TAILERA,3,3,true,true,3,2 HOMBRES,ND,0,0,N,N,false,"22,28",0,0,1,1,TRANSPORTE PUBLICO,TAXI,0,7,,,,,97,-102.24373806,21.86227331
200488323,30420,ROBO TRANSPORTE PUBLICO,5,2020-05-15,5,12,39,21,1,FRACCIONAMIENTO,LOS PERICOS,770,CALLE,SANTA VALERIA,NA,NA,"115,,,",CALLE,SANTA ELENA,CALLE,SANTA IRENE,CALLE,CULTURA CHICHIMECA,5,2,true,false,9,1 HOMBRE,ND,0,0,N,N,false,36,0,0,1,2,TRANSPORTE PUBLICO,TAXI,0,7,,,,,98,-102.24762848,21.90921209
200490692,30420,ROBO TRANSPORTE PUBLICO,5,2020-05-16,6,8,37,19,1,FRACCIONAMIENTO,VILLA MONTAÃ‘A,501R,CALLE,MONTE DOBRA,NA,NA,"407,,,",PROLONGACION,CONSTITUCIONALISTA,CALLE,MONTES DE TOLEDO,CALLE,SIERRA AGUILADA,5,2,true,false,9,1 HOMBRE,ND,0,0,N,N,false,36,0,100,1,2,TRANSPORTE PUBLICO,TAXI 3367,0,7,,,,,99,-102.25620994,21.94462585
200497965,30420,ROBO TRANSPORTE PUBLICO,5,2020-05-18,1,9,1,20,1,CC,PLAZA SAN MARCOS,804,AVENIDA,CONVENCION DE 1914 NORTE,NA,NA,",,,",AVENIDA,FUNDICION,CALLE,CARLOS SAGREDO,CALLE,SAN FRANCISCO,6,1,true,false,9,1 HOMBRE,ND,0,0,N,N,false,36,0,0,1,1,TRANSPORTE PUBLICO,DIDI,0,7,,,,,100,-102.31087396,21.89547257
200492764,30419,ROBO TRANSPORTE PUBLICO,5,2020-05-16,6,21,25,23,1,FRACCIONAMIENTO,VALLE DE LOS CACTUS,725,AVENIDA,PASEO DE LA BIZNAGA,NA,NA,",,,",AVENIDA,SOTOL,CALLE,CARMEN DE LUNA DE SEVILLA,ANDADOR,RECINTO JOCONOSTLE 601,4,2,false,true,2,2 HOMBRES,ND,0,0,N,N,false,"3,22,29,30",0,10000,1,1,TRANSPORTE PUBLICO,TAXI 3988,0,7,,,,,101,-102.22883695,21.86546289
200500494,30419,ROBO TRANSPORTE PUBLICO,5,2020-05-18,1,21,25,23,1,FRACCIONAMIENTO,PIRAMIDES,1082,CALLE,TENAYUCA,NA,NA,",,,",CALLE,MITLA,CALLE,SINALOA,CALLE,XOCHICALCO,3,3,false,true,"1,3",2 HOMBRES,ND,0,0,N,N,false,"3,30",0,3000,1,1,TRANSPORTE PUBLICO,TAXI 2690,0,7,,,,,102,-102.27843216,21.85517589
200508142,30420,ROBO TRANSPORTE PUBLICO,5,2020-05-21,4,2,46,25,1,COLONIA,CURTIDORES,748,PRIVADA,ARTURO NORMAN,NA,NA,"107,,,",CALLE,MANUEL A MEDINA,PRIVADA,ARTURO NORMAN,PROLONGACION,DOCTOR SALVADOR QUEZADA LIMON,6,1,true,false,9,ND,ND,0,0,N,N,false,36,0,0,1,14,TRANSPORTE PUBLICO,TAXI 3568,0,7,,,,,103,-102.32030373,21.88601040
200509238,30420,ROBO TRANSPORTE PUBLICO,5,2020-05-21,4,13,20,21,5,FRACCIONAMIENTO,PASEOS DE LAS HACIENDAS,213P,CALLE,PASEOS DEL CEREZO,NA,NA,",,,",CALLE,PASEOS DE LA CEIBA,CALLE,PASEOS DEL UPALA,CALLE,PASEOS DEL OXITLE,7,7,true,false,9,1 HOMBRE,ND,0,0,N,N,false,36,0,250,1,1,TRANSPORTE PUBLICO,TAXI 2461,0,7,,,,,104,-102.34370236,21.99218508
200512978,30419,ROBO TRANSPORTE PUBLICO,5,2020-05-22,5,14,3,21,1,FRACCIONAMIENTO,VALLE DE LOS CACTUS,725,AVENIDA,SOTOL,NA,NA,",,,",AVENIDA,TECNOLOGICO,ANDADOR,RECINTO JOCONOSTLE 601,CALLE,CARMEN DE LUNA DE SEVILLA,4,2,false,true,1,2 HOMBRES,ND,0,0,N,N,false,"3,28",450,6950,1,1,TRANSPORTE PUBLICO,TAXI 551,0,7,,,,,105,-102.22959594,21.86311764
200514418,30419,ROBO TRANSPORTE PUBLICO,5,2020-05-22,5,21,30,23,1,FRACCIONAMIENTO,EJIDO LAS CUMBRES,403,CALLE,SIERRA MADRE DEL SUR,NA,NA,"203,,,",CALLE,PICACHO ORIENTE,CALLE,MONTE DE LAS CRUCES,BOULEVARD,GUADALUPANO,5,2,false,true,"1,3",2 HOMBRES,ND,0,0,N,N,false,"3,28",1000,5000,1,1,TRANSPORTE PUBLICO,TAXI 1081,0,7,,,,,106,-102.25167469,21.91100495
200514502,30419,ROBO TRANSPORTE PUBLICO,5,2020-05-22,5,22,10,24,1,FRACCIONAMIENTO,PENSADORES MEXICANOS,774,CALLE,EFRAIN HUERTA,NA,NA,",,,",AVENIDA,PENSADORES MEXICANOS PONIENTE,CALLE,TENATO LEDUC,AVENIDA,PENSADORES MEXICANOS PONIENTE,5,2,false,true,1,2 HOMBRES,ND,0,0,MOTO,ND,false,28,100,100,1,2,TRANSPORTE PUBLICO,TAXI 958,0,7,,,,,107,-102.26330216,21.91484094
200519531,30420,ROBO TRANSPORTE PUBLICO,5,2020-05-24,7,4,35,26,1,FRACCIONAMIENTO,MIRADOR DE LAS CULTURAS II,494,AVENIDA,CULTURA NAZCA,NA,NA,",,,",CALLE,LOMA DEL CARDENAL,CALLE,CULTURA NAZCA 212,CALLE,CULTURA TOTANACA,5,2,true,false,9,3 HOMBRES,ND,0,0,N,N,false,3,0,0,1,1,TRANSPORTE PUBLICO,TAXI 1541,0,7,,,,,108,-102.23988226,21.91088275
200528427,30419,ROBO TRANSPORTE PUBLICO,5,2020-05-26,2,21,31,24,1,FRACCIONAMIENTO,BAJIO DE LAS PALMAS,533,CALLE,PALMA GUADALUPE,NA,NA,",,,",CALLE,PROLONGACION AVENIDA POLIDUCTTO,CALLE,PALMA TALIERA,CALLE,PALMA MEXICANA,3,3,false,true,1,1 HOMBRE,ND,0,0,N,N,false,28,700,700,1,1,TRANSPORTE PUBLICO,TAXI 3672,0,7,,,,,109,-102.24308824,21.86322740
200530895,30419,ROBO TRANSPORTE PUBLICO,5,2020-05-27,3,17,20,22,1,FRACCIONAMIENTO,REAL DE HACIENDAS,492,CALLE,HACIENDA CHICHIMECA,NA,NA,",,,",CALLE,MAESTRO FERNANDO VILLALPANDO,CALLE,HACIENDA DE CUAUTLA,CALLE,HACIENDA DE CORTES,4,2,true,true,3,1 HOMBRE,ND,0,0,N,N,false,36,0,46,1,14,TRANSPORTE PUBLICO,DIDI,0,7,,,,,110,-102.24235545,21.89564044
200531899,30420,ROBO TRANSPORTE PUBLICO,5,2020-05-27,3,22,25,24,1,FRACCIONAMIENTO,PASEOS DE SAN ANTONIO,324P,AVENIDA,RANCHO SAN ANTONIO,NA,NA,",,,",CALLE,KALAMARIA,AVENIDA,PASEOS DE LA HABANA,CALLE,MAURITANIA,3,3,true,false,9,UNOS HOMBRES,ND,0,0,N,N,false,36,0,60,1,2,TRANSPORTE PUBLICO,TAXI 453,0,7,,,,,111,-102.26895572,21.81030528
200532814,30420,ROBO TRANSPORTE PUBLICO,5,2020-05-28,4,5,22,26,1,FRACCIONAMIENTO,MORELOS II,622,CALLE,MUNGUIA,NA,NA,",,,",CALLE,MEXICO LIBRE,CALLE,HERMANOS GALEANA,CALLE,CARLOS MARIA DE BUSTAMANTE,3,3,true,false,9,ND,ND,0,0,N,N,false,36,0,130,1,1,TRANSPORTE PUBLICO,TAXI 4027,0,7,,,,,112,-102.26462876,21.85099536
200537654,30420,ROBO TRANSPORTE PUBLICO,5,2020-05-29,5,0,0,22,1,FRACCIONAMIENTO,JESUS GOMEZ PORTUGAL,528,CALLE,ORION,NA,NA,"300,,,",CALLE,ESTRELLA POLAR,CALLE,LIBRA,CALLE,CISNE,3,3,false,false,9,1 HOMBRE,ND,0,0,N,N,false,3,0,0,1,1,TRANSPORTE PUBLICO,TAXI 4033,0,7,,,,,113,-102.26493969,21.87226110
200553555,30420,ROBO TRANSPORTE PUBLICO,6,2020-06-03,3,0,52,25,1,FRACCIONAMIENTO,VNSA SECTOR ALAMEDA,516,CALLE,LUIS CHAVEZ,NA,NA,",,,",CALLE,RODOLFO RODARTE,CALLE,MIGUEL GUINCHARD,CALLE,ATANASIO RODRIGUEZ,5,2,true,false,9,"1 HOMBRE, 1 MUJER",ND,0,0,N,N,false,36,0,0,1,1,TRANSPORTE PUBLICO,TAXI 3604,0,7,,,,,114,-102.26405428,21.93494640
200554279,30420,ROBO TRANSPORTE PUBLICO,6,2020-06-03,3,9,43,20,1,FRACCIONAMIENTO,CIMA DEL CHAPULIN,583,CALLE,CIMA DEL CHAPULIN,NA,NA,",,,",CALLE,LOBELIA,CALLE,CHAPULIN,CALLE,MARRUBIO,3,3,true,false,9,"1 MUJER, TATUAJES EN PECHO Y BRAZOS",ND,0,0,N,N,false,36,0,0,11,1,TRANSPORTE PUBLICO,TAXI 1394,0,7,,,,,115,-102.24674870,21.85610914
200557943,30420,ROBO TRANSPORTE PUBLICO,6,2020-06-04,4,9,0,19,1,FRACCIONAMIENTO,CONSTITUCION,794,CALLE,ARTICULO 123,NA,NA,",,,",CALLE,ARTICULO SEPTIMO,CALLE,ARTICULO 39,AVENIDA,CONSTITUCION,5,2,true,false,9,1 HOMBRE,ND,0,0,N,N,false,36,0,50,1,1,TRANSPORTE PUBLICO,TAXI,0,7,,,,,116,-102.28498261,21.92541458
200559672,30420,ROBO TRANSPORTE PUBLICO,6,2020-06-04,4,18,15,22,11,FRACCIONAMIENTO,REVOLUCION,19,CALLE,EMILIO CARRANZA,NA,NA,",,,",CALLE,URUGUAY,CALLE,GUADALUPE VICTORIA,CALLE,JOSE MARIA CHAVEZ,7,7,true,false,9,UNAS PERSONAS,ND,0,0,N,N,false,36,0,150,1,14,TRANSPORTE PUBLICO,TAXI 1085,0,7,,,,,117,-102.26992617,22.07727335
200560808,30420,ROBO TRANSPORTE PUBLICO,6,2020-06-04,4,22,53,24,1,FRACCIONAMIENTO,ANEXO PALOMINO DENA,701,CALLE,OSCAR HERNANDEZ DUQUE,NA,NA,",,,",CALLE,PRIVADA MANUEL BOSQUES CHAVEZ,CALLE,TENIENTE CORONEL ROBERTO JEFKINS RANGEL,CALLE,MANUEL BOSQUES CHAVEZ,5,2,true,false,9,"1 HOMBRE, 1 MUJER",ND,0,0,N,N,false,36,0,0,1,1,TRANSPORTE PUBLICO,TAXI 123,0,7,,,0,,118,-102.24769401,21.91846505
200570576,30419,ROBO TRANSPORTE PUBLICO,6,2020-06-07,7,12,13,21,1,FRACCIONAMIENTO,MORELOS I,1120,AVENIDA,SIGLO XXI,NA,NA,",,,",CALLE,CHICHEN ITZA,PROLONGACION,MARIANO HIDALGO,CALLE,ARTILLERO MIER,3,3,true,true,2,"1 HOMBRE, TATUAJES EN BRAZOS",ND,0,0,N,N,false,28,300,300,1,1,TRANSPORTE PUBLICO,TAXI 3137,0,7,,,,,119,-102.25262135,21.85656651
200563466,30420,ROBO TRANSPORTE PUBLICO,6,2020-06-05,5,17,39,22,1,FRACCIONAMIENTO,RESIDENCIAL DEL PARQUE,1084,AVENIDA,HEROE DE NACOZARI SUR,NA,NA,",,,",AVENIDA,SIGLO XXI,AVENIDA,TENOCHTITLAN,CALLE,TULA,3,3,true,false,9,1 PERSONA,ND,0,0,N,N,false,36,0,0,1,1,TRANSPORTE PUBLICO,TAXI 3333,0,7,,,,,120,-102.28076626,21.84689402
200567429,30420,ROBO TRANSPORTE PUBLICO,6,2020-06-06,6,17,4,22,1,FRACCIONAMIENTO,VILLA LAS PALMAS II,596,CALLE,VILLA NORA,NA,NA,"113,,,",CALLE,VILLA DE MONTSERRAT,CALLE,AVENIDA PROLONGACION IXTLAHUATL,CALLE,VILLA LINDA,3,3,true,false,9,1 HOMBRE,ND,0,0,N,N,false,36,0,0,1,1,TRANSPORTE PUBLICO,TAXI 3720,0,7,,,,,121,-102.23279167,21.86182277
200567996,30420,ROBO TRANSPORTE PUBLICO,6,2020-06-06,6,19,53,23,1,COLONIA,LAS FLORES,1072,AVENIDA,IGNACIO T CHAVEZ,NA,NA,",,,",CALLE,JOSE F ELIZONDO,CALLE,MARAVILLAS,AVENIDA,DE LAS ORQUIDEAS,2,4,true,false,9,1 HOMBRE,ND,0,0,TAXI,"BLANCO,#1512",false,36,0,500,1,1,TRANSPORTE PUBLICO,TAXI 4176,0,7,,,,,122,-102.30079235,21.87399531
200568789,30420,ROBO TRANSPORTE PUBLICO,6,2020-06-06,6,23,30,24,5,FRACCIONAMIENTO,RUISEÃ‘ORES,338P,CIRCUITO,TZENZONTLE,NA,NA,"122,,,",CIRCUITO,QUETZAL,N,N,CIRCUITO,FAISAN,7,7,true,false,9,1 HOMBRE,ND,0,0,N,N,false,36,0,0,1,2,TRANSPORTE PUBLICO,TAXI 73,0,7,,,,,123,-102.33129709,21.96887344
200569917,30420,ROBO TRANSPORTE PUBLICO,6,2020-06-07,7,5,50,26,1,CC,AGROPECUARIO,837,BOULEVARD,A ZACATECAS,NA,NA,",,,",AVENIDA,AGUASCALIENTES NORTE,AVENIDA,ARNULFO M VALDES,AVENIDA,INDEPENDENCIA,6,1,true,false,9,"1 HOMBRE, 1 MUJER",ND,0,0,N,N,false,36,0,0,1,1,TRANSPORTE PUBLICO,TAXI 3294,0,7,,,,,124,-102.29240647,21.91490719
200576469,30420,ROBO TRANSPORTE PUBLICO,6,2020-06-08,1,22,36,24,1,FRACCIONAMIENTO,INF MORELOS,616,CALLE,BONMAPAK,NA,NA,",,,",CALLE,DZILAM,AVENIDA,AGUASCALIENTES ORIENTE,CALLE,UXMAL,3,3,false,false,9,2 HOMBRES,ND,0,0,N,N,false,"3,36",0,6500,1,1,TRANSPORTE PUBLICO,TAXI 105,0,7,,,,,125,-102.25381840,21.86585117
200577033,30419,ROBO TRANSPORTE PUBLICO,6,2020-06-09,2,5,2,26,1,FRACCIONAMIENTO,BAJIO DE LAS PALMAS,533,CALLE,PALMA MEXICANA,NA,NA,",,,",CALLE,PROLONGACION AVENIDA POLIDUCTO,CALLE,PALMA GUADALUPE,CALLE,PALMA TAILERA,3,3,true,true,1,2 HOMBRES,ND,0,0,N,N,false,"3,6,27,28,29",100,500,1,1,TRANSPORTE PUBLICO,TAXI 3148,0,7,,,,,126,-102.24370701,21.86224876
200581428,30420,ROBO TRANSPORTE PUBLICO,6,2020-06-10,4,12,51,21,1,FRACCIONAMIENTO,BENITO PALOMINO DENA,499,CALLE,HECTOR DEL VILLAR,NA,NA,"260,,,",BOULEVARD,GUADALUPANO,CALLE,TENIENTE CORONEL ROBERTO JEFKINS RANGEL,CALLE,LICENCIADO MIGUEL ROMO MEDINA,5,2,true,false,9,ND,ND,0,0,N,N,false,36,0,0,1,1,TRANSPORTE PUBLICO,TAXI 2462,0,7,,,,,127,-102.24662584,21.91672468
200584947,30420,ROBO TRANSPORTE PUBLICO,6,2020-06-11,4,12,55,21,5,FRACCIONAMIENTO,PASEOS DE AGUASCALIENTES,117,AVENIDA,PASEOS DE AGUASCALIENTES,NA,NA,",,,",CALLE,PASEOS DE EMILIANO ZAPATA,CALLE,PASEOS DE JESUS MARIA,CALLE,PASEOS DE PEÃ‘UELAS,7,7,false,false,9,2 HOMBRES,ND,0,0,N,N,false,36,0,60,1,1,TRANSPORTE PUBLICO,TAXI,0,7,,,,,128,-102.29777079,21.96820419
200590739,30420,ROBO TRANSPORTE PUBLICO,6,2020-06-13,6,3,29,26,1,FRACCIONAMIENTO,JESUS GOMEZ PORTUGAL,528,CALLE,VEGA,NA,NA,"218,,,",CALLE,LIBRA,CALLE,ESTRELLA POLAR,AVENIDA,ANTARES,3,3,true,false,9,1 HOMBRE,ND,0,0,N,N,false,36,0,60,1,2,TRANSPORTE PUBLICO,DIDI,0,7,,,,,129,-102.26414718,21.87147432
200590854,30420,ROBO TRANSPORTE PUBLICO,6,2020-06-13,6,5,3,26,5,COLONIA,LOS ARROYITOS,230,CALZADA,JULIO CADENA,NA,NA,"804,A,,",CALLE,ARROYO GRANDE,CALLE,ARROYO SECO,CALLE,ARROYO BLANCO,7,7,true,false,9,1 HOMBRE,ND,0,0,N,N,false,36,0,0,1,14,TRANSPORTE PUBLICO,TAXI 3731,0,7,,,,,130,-102.33991455,21.96760382
200595147,30420,ROBO TRANSPORTE PUBLICO,6,2020-06-14,7,9,23,20,1,BARRIO,DE GUADALUPE,367,PRIVADA,LA MORA,NA,NA,"121,,,",CALLE,BENJAMIN DE LA MORA,CALLE,LARREATEGUI,CALLE,ALAMAN,1,5,true,false,9,2 HOMBRES,ND,0,0,N,N,false,"28,36",230,360,1,14,TRANSPORTE PUBLICO,PLATAFORMA,0,7,,,,,131,-102.30285517,21.88690576
200608715,30420,ROBO TRANSPORTE PUBLICO,6,2020-06-18,4,5,6,26,5,FRACCIONAMIENTO,RUISEÃ‘ORES,338P,AVENIDA,PETIRROJO,NA,NA,",,,",CIRCUITO,QUETZAL,N,N,AVENIDA,RUISEÃ‘OR,7,7,true,false,9,2 MUJERES Y 1 HOMBRE,ND,0,0,N,N,false,36,0,30,1,13,TRANSPORTE PUBLICO,TAXI 1475,0,7,,,,,132,-102.33086781,21.96886377
200612331,30420,ROBO TRANSPORTE PUBLICO,6,2020-06-19,5,7,0,19,1,COLONIA,MIRAVALLE,750,CALLE,AURELIO GONZALEZ,NA,NA,",,,",CALLE,MARIANO CHICO,CALLE,FRANCISCO FLORES,CALLE,JOSE MARIA ELIZALDE,6,1,true,false,9,1 HOMBRE,ND,0,0,N,N,false,36,0,0,1,1,TRANSPORTE PUBLICO,TAXI 3926,0,7,,,,,133,-102.30917983,21.88971219
200617464,30420,ROBO TRANSPORTE PUBLICO,6,2020-06-20,6,14,51,21,1,FRACCIONAMIENTO,CIUDAD INDUSTRIAL,982,AVENIDA,JULIO DIAZ TORRE C 26N,NA,NA,",,,",CALLE,JESUS RIVERA FRANCO,AVENIDA,SIGLO XXI,CALLE,ANGEL DORRONSORO GANDARA,3,3,true,false,9,"1 HOMBRE, 1 MUJER",ND,0,0,N,N,false,36,0,105,1,1,TRANSPORTE PUBLICO,TAXI 3332,0,7,,,,,134,-102.28043751,21.84271070
200619604,30420,ROBO TRANSPORTE PUBLICO,6,2020-06-21,7,0,14,25,1,FRACCIONAMIENTO,REENCUENTRO,408,AVENIDA,LUISA FERNANDEZ VILLA,NA,NA,"40,,,",PROLONGACION,CARMEN SERDAN,CALLE,DE LA TORRE,N,N,3,3,true,false,9,1 MUJER,ND,0,0,N,N,false,36,0,0,1,2,TRANSPORTE PUBLICO,TAXI 322,0,4,,,0,,135,-102.24581692,21.84571661
200644671,30420,ROBO TRANSPORTE PUBLICO,6,2020-06-27,6,16,37,22,1,BARRIO,DE GUADALUPE,910,PRIVADA,DE LA MORA,NA,NA,"123,,,",CALLE,BENJAMIN DE LA MORA,CALLE,LARREATEGUI,CALLE,ALAMAN,1,5,true,false,9,"1 HOMBRE, 1 MUJER",ND,0,0,N,N,false,"28,36",150,250,1,1,TRANSPORTE PUBLICO,UBER,0,7,,,,,136,-102.30287948,21.88679580
200646953,30420,ROBO TRANSPORTE PUBLICO,6,2020-06-28,7,5,11,26,5,FRACCIONAMIENTO,BUENAVISTA,198,CALLE,REES FISCHER,NA,NA,",,,",CALLE,NARDO,CALLE,TULIPAN,CALLE,PROLONGACION PLAN DE ALLENGE,7,7,true,false,9,2 MUJERES,ND,2,0,N,N,false,36,0,0,1,4,TRANSPORTE PUBLICO,TAXI 3183,0,7,,,,,137,-102.35885276,21.96911713
200654545,30420,ROBO TRANSPORTE PUBLICO,6,2020-06-30,2,1,16,25,1,FRACCIONAMIENTO,VILLA TERESA,790,CALLE,ADORATRICES,NA,NA,",,,",AVENIDA,POZO BRAVO,CALLE,JESUITAS,CALLE,CAPUCHINAS,5,2,true,false,9,1 HOMBRE,ND,0,0,N,N,false,36,0,50,1,14,TRANSPORTE PUBLICO,TAXI 721,0,7,,,,,138,-102.27768381,21.92206094
200688877,30420,ROBO TRANSPORTE PUBLICO,7,2020-07-08,3,14,14,21,1,FRACCIONAMIENTO,VNSA SECTOR GUADALUPE,402,CALLE,TEOFILO ROMO LOPEZ,NA,NA,",,,",CALLE,CELIA MARIA MARTINEZ,CALLE,JESUS GOMEZ LUNA,CALLE,JOSE BECERRA,5,2,true,false,9,"1 HOMBRE, 1 MUJER",ND,0,0,N,N,false,36,0,0,1,2,TRANSPORTE PUBLICO,TAXI 2938,0,7,,,,,139,-102.25423409,21.93165021
200691386,30420,ROBO TRANSPORTE PUBLICO,7,2020-07-09,4,3,4,26,1,COLONIA,OJO DE AGUA,986,CALLE,CRUCITAS,NA,NA,",,,",AVENIDA,CONVENCION DE 1914 SUR,CALLE,DELICIAS,CALLE,LOS DIAZ,3,3,true,false,9,"3 HOMBRES, TATUAJES CARA Y BRAZOS",ND,0,0,N,N,false,36,0,60,1,1,TRANSPORTE PUBLICO,UBER,0,7,,,,,140,-102.28015365,21.86697314
200697162,30420,ROBO TRANSPORTE PUBLICO,7,2020-07-10,5,17,26,22,1,COMUNIDAD,BUENAVISTA DE PEÑUELAS,3P,CALLE,FRANCISCO I MADERO,NA,NA,",,,",CALLE,REFORMA,CALLE,CRISTOBAL COLON,CALLE,BENITO JUAREZ,2,4,true,false,9,1 HOMBRE,ND,0,0,N,N,false,36,0,160,1,2,TRANSPORTE PUBLICO,TAXI 1487,0,7,,,,,141,-102.29465863,21.71768276
200723723,30420,ROBO TRANSPORTE PUBLICO,7,2020-07-17,5,8,54,19,1,BARRIO,DE GUADALUPE,910,CALLE,REFORMA,NA,NA,",,,",CALLE,BENJAMIN DE LA MORA,CALLE,LARRETEGUI,CALLE,ALAMAN,1,5,true,false,9,1 HOMBRE,ND,0,0,N,N,false,36,0,0,1,1,TRANSPORTE PUBLICO,TAXI,0,7,,,,,142,-102.30669293,21.88851245
200723636,30420,ROBO TRANSPORTE PUBLICO,7,2020-07-17,5,7,50,19,1,CONDOMINIO,OJO DE AGUA FOVISSSTE,593,ANDADOR,MARFIL,NA,NA,",,,",ANDADOR,BLANCO,AVENIDA,MARIANO ESCOBEDO,AVENIDA,MARIANO ESCOBEDO,3,3,true,false,9,1 MUJER,ND,0,0,N,N,false,36,0,0,1,2,TRANSPORTE PUBLICO,TAXI,0,7,,,,,143,-102.27658744,21.86600481
200724369,30420,ROBO TRANSPORTE PUBLICO,7,2020-07-17,5,12,30,21,1,FRACCIONAMIENTO,LAS CUMBRES,441,AVENIDA,SIGLO XXI,NA,NA,",,,",CALLE,REFUGIO MIRANDA AGUAYO,CALLE,MARIA GUADALUPE RUIZ DE CHAVEZ PINALES,CALLE,LA UNION,5,2,true,false,9,2 PERSONAS,ND,1,0,N,N,false,36,0,70,1,4,TRANSPORTE PUBLICO,TAXI 3110,0,7,,,,,144,-102.26059085,21.91233878
200725901,30420,ROBO TRANSPORTE PUBLICO,7,2020-07-17,5,20,2,23,5,COLONIA,LOS VAZQUEZ,128,PRIVADA,PALMAR,NA,NA,",,,",CALLE,VENUSTIANO CARRANZA,CALLE,NINGUNO,PRIVADA,BENITO JUAREZ,7,7,true,false,9,UNAS MUJERES,ND,0,0,N,N,false,36,0,0,1,2,TRANSPORTE PUBLICO,TAXI 158,0,7,,,,,145,-102.29400207,21.99918062
200726280,30419,ROBO TRANSPORTE PUBLICO,7,2020-07-17,5,22,12,24,1,SIN TIPO,NORIAS DE OJOCALIENTE,353,CALLE,CUARZO,NA,NA,"128,,,",CALLE,AGUA MARINA,CALLE,OPALO,CALLE,PERLA,4,2,true,true,1,2 PERSONAS,ND,0,0,N,N,false,"3,28,30",2500,2500,1,1,TRANSPORTE PUBLICO,TAXI 4177,0,7,,,,,146,-102.22192839,21.88701994
200727559,30420,ROBO TRANSPORTE PUBLICO,7,2020-07-18,6,6,22,19,1,FRACCIONAMIENTO,JARDINES DE LA CRUZ,610,PROLONGACION,OLIVOS,NA,NA,",,,",CALLE,ALAMO,PRIVADA,EBANO,CALLE,ALAMO,3,3,true,false,9,1 HOMBRE,ND,1,0,N,N,false,"29,36",0,0,1,4,TRANSPORTE PUBLICO,UBER,0,7,,,,,147,-102.27504088,21.87665469
200726625,30420,ROBO TRANSPORTE PUBLICO,7,2020-07-17,5,23,48,24,1,FRACCIONAMIENTO,MORELOS I,1120,AVENIDA,SIGLO XXI,NA,NA,",,,",AVENIDA,MARIANO HIDALGO,CALLE,CHICHEN ITZA,CALLE,ARTILLERO MIER,3,3,true,false,9,UNAS MUJERES,ND,0,0,N,N,false,36,0,200,1,14,TRANSPORTE PUBLICO,TAXI 1796,0,7,,,,,148,-102.25555304,21.85576119
200727659,30420,ROBO TRANSPORTE PUBLICO,7,2020-07-18,6,8,4,19,1,FRACCIONAMIENTO,VILLA MONTAÑA,501R,CALLE,CERRO LIRIMA,NA,NA,"219,,,",PROLONGACION,CONSTITUCIONALISTA,CALLE,MONTE DE TOLEDO,CALLE,CUMBRE DEL LAUDO,5,2,true,false,9,1 MUJER,ND,0,0,N,N,false,36,0,0,1,14,TRANSPORTE PUBLICO,TAXI 1197,0,7,,,,,149,-102.25480185,21.94549550
200728066,30420,ROBO TRANSPORTE PUBLICO,7,2020-07-18,6,0,0,20,1,FRACCIONAMIENTO,VILLA LOMA DORADA,500,CALLE,FEDERICO MENDEZ,NA,NA,",,,",CALLE,DE LOS RECINTOS,CALLE,VILLA CLARA,CALLE,CELIA MARIA MARTINEZ,5,2,false,false,9,2 HOMBRES,ND,0,0,N,N,false,"28,29",500,500,1,1,TRANSPORTE PUBLICO,TAXI 280,0,7,,,,,150,-102.24893911,21.92761165
200741091,30420,ROBO TRANSPORTE PUBLICO,7,2020-07-21,2,15,20,21,1,FRACCIONAMIENTO,VNSA SECTOR ESTACION,502,CALLE,FEDERICO MENDEZ,NA,NA,",,,",CALLE,MANUEL FERNANDEZ SANCHEZ,AVENIDA,VALLE DE LOS ROMERO,CALLE,LEOBARDO QUIROZ MORENO,5,2,true,false,9,1 HOMBRE,ND,0,0,N,N,false,36,0,80,1,14,TRANSPORTE PUBLICO,TAXI 2202,0,7,,,,,151,-102.26121883,21.93883226
200752738,30420,ROBO TRANSPORTE PUBLICO,7,2020-07-24,5,18,5,22,1,FRACCIONAMIENTO,LUIS ORTEGA DOUGLAS,440,CALLE,SALTO DE OJOCALIENTE,NA,NA,",,,",CALLE,EL GIGANTE,CALLE,EL PICACHO,CALLE,LOS ARBOLITOS,5,2,true,false,9,2 HOMBRES,ND,0,0,N,N,false,28,200,200,1,2,TRANSPORTE PUBLICO,TAXI 2741,0,7,,,,,152,-102.26302424,21.90861834
200757114,30420,ROBO TRANSPORTE PUBLICO,7,2020-07-25,6,18,57,22,1,FRACCIONAMIENTO,BOULEVARES 1A SECCION,1047,PROLONGACION,CAPITAN DIEGO FERNANDEZ VILLA,NA,NA,"304,,,",CALLE,LAURO AGUIRRE,CALLE,PROFESOR ENRIQUE OLIVARES SANTANA,CALLE,EUGENIO ALCALA,2,4,true,false,9,1 HOMBRE,ND,0,0,N,N,false,36,0,0,1,2,TRANSPORTE PUBLICO,TAXI 3110,0,7,,,,,153,-102.30376392,21.85527904
200762918,30420,ROBO TRANSPORTE PUBLICO,7,2020-07-27,1,3,16,26,1,EJIDO,LOS POCITOS,326,CALLE,ZACARIAS GUTIERREZ,NA,NA,"123,,,",PRIVADA,DE LA PILA,PRIVADA,DEL PESEBRE,CALLE,ISIDRO MORALES,6,1,true,false,9,ND,ND,0,0,N,N,false,36,0,0,1,14,TRANSPORTE PUBLICO,TAXI,0,7,,,,,154,-102.33616182,21.92456295
200753026,30420,ROBO TRANSPORTE PUBLICO,7,2020-07-24,5,19,15,23,1,FRACCIONAMIENTO,CONSTITUCION,794,CALLE,ARTICULO 123,NA,NA,"231,,,",CALLE,ARTICULO SEXTO,CALLE,ARTICULO QUINTO,AVENIDA,CONSTITUCION,5,2,true,false,9,ND,ND,0,0,N,N,false,36,0,50,1,2,TRANSPORTE PUBLICO,TAXI 2233,0,0,,,,,155,-102.28552985,21.92325706
200759412,30420,ROBO TRANSPORTE PUBLICO,7,2020-07-26,7,7,11,19,1,FRACCIONAMIENTO,INSURGENTES,1046,CALLE,JUAN SARABIA,NA,NA,"126,,,",AVENIDA,CONVENCION,CALLE,DOROTEO ARANGO,PROLONGACION,PASEO DE LA ASUNCION,2,4,true,false,9,1 HOMBRE,ND,0,0,N,N,false,36,0,0,1,1,TRANSPORTE PUBLICO,UBER,0,7,,,,,156,-102.30171107,21.85177449
200766958,30419,ROBO TRANSPORTE PUBLICO,7,2020-07-28,2,0,0,20,1,FRACCIONAMIENTO,REENCUENTRO,408,AVENIDA,DE LA NATURALEZA,NA,NA,",,,",CALLE,DE LA FELICIDAD,ANDADOR,NINGUNO,CALLE,DE LA FELICIDAD,3,3,false,true,1,2 PERSONAS,ND,0,1,N,N,false,28,650,650,"1,9",52,TRANSPORTE PUBLICO,TAXI 2180,0,7,,,,,157,-102.25155711,21.83775383
200772169,30420,ROBO TRANSPORTE PUBLICO,7,2020-07-29,3,17,7,22,1,FRACCIONAMIENTO,INSURGENTES,1046,CALLE,GENERAL LUIS CABALLERO,NA,NA,"119,,,",CALLE,INGENIERO CAMILO ARRIAGA,CALLE,LUIS MEDINA,CALLE,LUIS MOYA,2,4,true,false,9,UNAS PERSONAS,ND,0,0,N,N,false,36,0,60,1,14,TRANSPORTE PUBLICO,TAXI 1306,0,7,,,,,158,-102.31582779,21.84900896
200772803,30420,ROBO TRANSPORTE PUBLICO,7,2020-07-29,3,20,29,23,1,COLONIA,OLIVARES SANTANA,721,CALLE,BENITO DIAZ,NA,NA,"415,,,",CALLE,MIGUEL RUELAS,CALLE,JOSE MARIA ELIZALDE,CALLE,MAR DE GALILEA,6,1,true,false,9,1 HOMBRE,ND,0,0,N,N,false,36,0,70,1,14,TRANSPORTE PUBLICO,TAXI 1560,0,7,,,,,159,-102.31479672,21.89365970
200779788,30419,ROBO TRANSPORTE PUBLICO,7,2020-07-31,5,18,6,22,1,CONDOMINIO,OJOCALIENTE INEGI,740,AVENIDA,OJOCALIENTE,NA,NA,"1407,,,",CALLE,COPETILLO,CALLE,CIENEGUILLAS,CALLE,LA GUAYANA,4,2,false,true,2,1 HOMBRE,ND,0,0,N,N,false,"28,28",600,600,2,1,TRANSPORTE PUBLICO,TAXI 1259,0,7,,,,,160,-102.24915217,21.87599912
200789359,30420,ROBO TRANSPORTE PUBLICO,8,2020-08-02,7,20,37,23,5,COLONIA,EL CHAVEÑO,182,CALLE,AGUA MELILLA,NA,NA,",,,",CARRETERA,3 A LA POSTA,CALLE,SOLIDARIDAD,CALLE,NINGUNO,7,7,true,false,9,1 HOMBRE,ND,0,0,N,N,false,36,0,40,1,1,TRANSPORTE PUBLICO,TAXI 1556,0,7,,,,,161,-102.35867082,21.96476383
200779517,30420,ROBO TRANSPORTE PUBLICO,7,2020-07-31,5,16,57,22,1,FRACCIONAMIENTO,INSURGENTES,1046,CALLE,GENERAL JULIAN MEDINA,NA,NA,",,,",CALLE,GENERAL MARTIN ESPINOZA SANCHEZ,CALLE,GENERAL LUIS CABALLERO,CALLE,INGENIERO CAMILO ARRIAGA,2,4,true,false,9,"2 HOMBRES, 1 TATUADO",ND,0,0,N,N,false,36,0,0,20,13,TRANSPORTE PUBLICO,TAXI,0,7,,,,,162,-102.31506325,21.84818156
200800172,30419,ROBO TRANSPORTE PUBLICO,8,2020-08-05,3,0,0,22,1,FRACCIONAMIENTO,LOMAS DEL SUR,319P,CALLE,LOMA DE AGUASCALIENTES,NA,NA,",,,",AVENIDA,PASEOS LOMAS DEL SUR,AVENIDA,SAN SEBASTIAN,CALLE,LOMAS DEL PONIENTE,3,3,false,true,3,"1 HOMBRE, 1 MUJER",ND,0,1,N,N,false,28,800,800,"1,7",54,TRANSPORTE PUBLICO,TAXI 3235,0,7,,,,,163,-102.26727833,21.82824860
200804629,30420,ROBO TRANSPORTE PUBLICO,8,2020-08-06,4,20,56,23,1,FRACCIONAMIENTO,JOSE LOPEZ PORTILLO,955,CALLE,JOSE MARIA GONZALEZ BOCANEGRA,NA,NA,"1211,,,",CALLE,CORONEL JOSE FERRERO,CALLE,LICENCIADO EDUARDO RODRIGUEZ LARIZ,CALLE,RICARDO GARCIA MENDOZA,2,4,true,false,9,1 HOMBRE,ND,0,0,N,N,false,36,0,0,1,3,TRANSPORTE PUBLICO,TAXI,0,7,,,,,164,-102.32430489,21.85396424
200808984,30420,ROBO TRANSPORTE PUBLICO,8,2020-08-07,5,23,26,24,1,FRACCIONAMIENTO,VILLA MONTAÑA,501R,CALLE,MONTE VINSON,NA,NA,",,,",PROLONGACION,CONSTITUCIONALISTA,CALLE,MONTES DE TOLEDO,CALLE,MONTE DOBRA,5,2,false,false,9,1 HOMBRE,EZEQUIEL SAAVEDRA MUÑIZ,1,0,N,N,false,36,0,79,1,4,TRANSPORTE PUBLICO,TAXI 2401,0,7,,,,,165,-102.25581302,21.94484036
200814379,30420,ROBO TRANSPORTE PUBLICO,8,2020-08-09,7,5,0,26,1,FRACCIONAMIENTO,VILLA LAS PALMAS III,564,CALLE,PALMA DE LA NAVIDAD,NA,NA,"106,,,",AVENIDA,MARIANO HIDALGO,CALLE,SANTA CRUZ DE LA PALMA,CALLE,PALMA DE LA JALEA,3,3,true,false,9,1 MUJER,ND,0,0,N,N,false,36,0,82,1,1,TRANSPORTE PUBLICO,BOLT,0,7,,,,,166,-102.23637830,21.85079348
200815290,30420,ROBO TRANSPORTE PUBLICO,8,2020-08-09,7,12,47,21,1,FRACCIONAMIENTO,LAS CUMBRES,441,CALLE,SAN ANTONIO DE PEÑUELAS,NA,NA,",,,",CALLE,REFUGIO MIRANDA AGUAYO,CALLE,EL PICACHO,CALLE,MARCELINA CERVANTES SANCHEZ,5,2,true,false,9,1 HOMBRE,ND,0,0,N,N,false,36,0,0,1,1,TRANSPORTE PUBLICO,TAXI 1995,0,7,,,,,167,-102.26515566,21.91100770
200808278,30420,ROBO TRANSPORTE PUBLICO,8,2020-08-07,5,20,55,23,1,FRACCIONAMIENTO,LOS PERICOS,770,CALLE,SAN ISIDRO,NA,NA,"120,,,",AVENIDA,CULTURA OTOMI,AVENIDA,POLIDUCTO,AVENIDA,RODOLFO LANDEROS GALLEGOS,4,2,true,false,9,1 PERSONA,ND,0,0,N,N,false,36,0,80,1,4,TRANSPORTE PUBLICO,TAXI 2914,0,7,,,0,,168,-102.24700580,21.90350529
200813996,30420,ROBO TRANSPORTE PUBLICO,8,2020-08-09,7,2,57,25,1,FRACCIONAMIENTO,LA FLORIDA,320PR,CALLE,MARTIN PESCADOR,NA,NA,",,,",CALLE,AMOLE,CALLE,ACEITILLA,CALLE,SARTENEJO,5,2,true,false,9,1 HOMBRE,ND,1,0,N,N,false,36,0,0,1,4,TRANSPORTE PUBLICO,TAXI 932,0,7,,,,,169,-102.24126907,21.92583413
200817611,30420,ROBO TRANSPORTE PUBLICO,8,2020-08-10,1,1,31,25,1,CONDOMINIO,PROVIDENCIA,1035,CALLE,BOSQUE BOREAL,NA,NA,",,,",CALLE,BOSQUE NUEVA GUINEA,CALLE,BOSQUE BORNEO,CALLE,BOSQUE AMAZONIA,2,4,true,false,9,2 HOMBRES,ND,2,0,N,N,false,36,0,80,1,4,TRANSPORTE PUBLICO,TAXI 2142,0,7,,,,,170,-102.31198270,21.83797206
200830573,30420,ROBO TRANSPORTE PUBLICO,8,2020-08-13,4,15,13,21,1,FRACCIONAMIENTO,LOMAS DE VISTABELLA,604,CALLE,VISTA DE LA LUNA,NA,NA,",,,",CALLE,VISTA DE LA PLAYA,CALLE,VISTA DEL CREPUSCULO,CALLE,VISTA DE LA MONTAÑA,3,3,true,false,9,1 MUJER,ND,0,0,N,N,false,36,0,0,1,1,TRANSPORTE PUBLICO,TAXI 2642,0,7,,,,,171,-102.25818972,21.84369165
200831927,30420,ROBO TRANSPORTE PUBLICO,8,2020-08-13,4,21,47,24,5,FRACCIONAMIENTO,RUISEÑORES,338P,CIRCUITO,AGUILA,NA,NA,"118,,,",AVENIDA,RUISEÑOR,CIRCUITO,FAISAN,CIRCUITO,GAVIOTA,7,7,true,false,9,1 HOMBRE,ND,0,0,N,N,false,36,0,50,1,1,TRANSPORTE PUBLICO,TAXI 978,0,7,,,,,172,-102.33131259,21.96799237
200835154,30420,ROBO TRANSPORTE PUBLICO,8,2020-08-14,5,20,39,23,1,FRACCIONAMIENTO,LAS AMERICAS,406,AVENIDA,CONVENCION DE 1914 SUR,NA,NA,",,,",AVENIDA,QUINTA,CALLE,REPUBLICA DE BRASIL,CALLE,REPUBLICA DEL PERU,2,4,true,false,9,"1 HOMBRE, 1 MUJER",ND,0,0,N,N,false,36,0,0,1,1,TRANSPORTE PUBLICO,UBER,0,7,,,,,173,-102.29854650,21.86594951
200836458,30419,ROBO TRANSPORTE PUBLICO,8,2020-08-15,6,2,13,25,1,FRACCIONAMIENTO,MORELOS I,1120,AVENIDA,SIGLO XXI,NA,NA,",,,",AVENIDA,MARIANO HIDALGO,CALLE,CHICHEN ITZA,CALLE,ARTILLERO MIER,3,3,false,true,3,"2 HOMBRES, 1 CON FERULA EN LA MANO",ND,0,0,N,N,false,"28,36",100,100,1,1,TRANSPORTE PUBLICO,TAXI 2332,0,7,,,,,174,-102.25527192,21.85587298
200837168,30420,ROBO TRANSPORTE PUBLICO,8,2020-08-15,6,9,48,20,1,FRACCIONAMIENTO,EX HACIENDA OJOCALIENTE,416,CALLE,PUENTE DE ALVARADO,NA,NA,",,,",CALLE,PLAN DE AYALA,AVENIDA,TECNOLOGICO,PRIVADA,BALNEARIO,4,2,true,false,9,1 MUJER,ND,0,0,N,N,false,36,0,35,1,2,TRANSPORTE PUBLICO,TAXI 2835,0,7,,,,,175,-102.26026559,21.88168128
200842856,30419,ROBO TRANSPORTE PUBLICO,8,2020-08-16,7,16,46,22,1,SIN TIPO,NORIAS DE OJOCALIENTE,353,CALLE,DIAMANTES,NA,NA,",,,",CALLE,ESMERALDA,CALLE,LAZUITA,CALLE,NINGUNO,4,2,false,true,1,3 HOMBRES,ND,0,0,N,N,false,"3,36",0,5800,1,1,TRANSPORTE PUBLICO,TAXI 1601,0,7,,,,,176,-102.21854538,21.88752205
200843826,30420,ROBO TRANSPORTE PUBLICO,8,2020-08-16,7,20,27,23,1,FRACCIONAMIENTO,EJIDO LAS CUMBRES,403,CALLE,SIERRA CUCHILLAS,NA,NA,",,,",CALLE,SIERRA DEL MAGUEY,CALLE,AMBROSIO VERASTEGUI GUERRERO,CALLE,SIERRA DE TEPEHUANES,5,2,true,false,9,1 PERSONA,ND,0,0,N,N,false,36,0,0,1,14,TRANSPORTE PUBLICO,TAXI 2476,0,7,,,,,177,-102.25813080,21.91223907
200851500,30420,ROBO TRANSPORTE PUBLICO,8,2020-08-18,2,22,59,24,1,COLONIA,DEL TRABAJO,521,CALLE,CEDRO,NA,NA,",,,",CALLE,MARTIRES DEL RIO BLANCO,CALLE,CONQUISTA,CALLE,RENE DESCARTES,4,2,true,false,9,1 PERSONA,ND,0,0,N,N,false,36,0,102,1,1,TRANSPORTE PUBLICO,UBER,0,7,,,,,178,-102.27476539,21.89007344
200852129,30420,ROBO TRANSPORTE PUBLICO,8,2020-08-19,3,8,48,19,1,FRACCIONAMIENTO,CARTAGENA,322P,PROLONGACION,CONSTITUCION,NA,NA,",,,",AVENIDA,SIGLO XXI,CALLE,NINGUNO,N,N,5,2,true,false,9,1 HOMBRE,MARCO ANTONIO DIAZ,1,0,N,N,false,36,0,52,1,4,TRANSPORTE PUBLICO,TAXI 2501,0,7,,,0,,179,-102.27473194,21.95154362
200831667,30420,ROBO TRANSPORTE PUBLICO,8,2020-08-13,4,20,50,23,1,FRACCIONAMIENTO,EL COBANO,481,CALLE,F,NA,NA,"141,,,",CALLE,TAMARINDO,CALLE,GUANABANA,CALLE,MADROÑO,5,2,true,false,9,1 HOMBRE,ND,0,0,N,N,false,36,0,0,1,1,TRANSPORTE PUBLICO,TAXI 166,0,7,,,,,180,-102.27955196,21.90891279
200859176,30419,ROBO TRANSPORTE PUBLICO,8,2020-08-21,5,12,35,21,1,FRACCIONAMIENTO,LA FLORIDA,320PR,CALLE,MARTIN PESCADOR,NA,NA,",,,",CALLE,AMOLE,CALLE,ACEITILLA,CALLE,SARTENEJO,5,2,true,true,1,3 HOMBRES,ND,0,0,N,N,true,"3,29",0,0,1,10,TRANSPORTE PUBLICO,TAXI,0,7,,,,,181,-102.24269585,21.92302039
200862052,30420,ROBO TRANSPORTE PUBLICO,8,2020-08-22,6,3,8,26,1,FRACCIONAMIENTO,CONSTITUCION,794,CALLE,ARTICULO 24,NA,NA,",,,",CALLE,ARTICULO 11,CALLE,ARTICULO 12,CALLE,ARTICULO 27,5,2,true,false,9,1 HOMBRE,ND,0,0,N,N,false,36,0,300,1,14,TRANSPORTE PUBLICO,TAXI 2206,0,7,,,,,182,-102.28530667,21.92859947
200864629,30420,ROBO TRANSPORTE PUBLICO,8,2020-08-22,6,19,57,23,1,SIN TIPO,NORIAS DE OJOCALIENTE,353,CALLE,PERLA,NA,NA,"248,,,",CALLE,GRANATE,CALLE,AGUA MARINA,CALLE,NINGUNO,4,2,true,false,9,1 MUJER,ND,0,0,N,N,false,36,0,0,1,14,TRANSPORTE PUBLICO,TAXI 1532,0,7,,,,,183,-102.22032314,21.88860020
200867099,30420,ROBO TRANSPORTE PUBLICO,8,2020-08-23,7,10,29,20,1,FRACCIONAMIENTO,INF MORELOS,616,CALLE,UXMAL,NA,NA,"416,,,",CALLE,COPAN,CALLE,TIKAL,CALLE,MARIANO HIDALGO,3,3,true,false,9,1 HOMBRE,ND,0,0,N,N,false,36,0,0,1,2,TRANSPORTE PUBLICO,UBER,0,7,,,,,184,-102.25792188,21.86408690
200877200,30420,ROBO TRANSPORTE PUBLICO,8,2020-08-26,3,2,56,25,1,FRACCIONAMIENTO,NAZARIO ORTIZ GARZA,452,BOULEVARD,GUADALUPANO,NA,NA,"612,,,",CALLE,GUADALUPE RIVERA,CALLE,AGUSTIN PRADILLO,CALLE,PASCUAL CORNEJO,5,2,true,false,9,VARIOS JOVENES,ND,1,0,N,N,false,36,0,0,1,4,TRANSPORTE PUBLICO,TAXI,0,7,,,,,185,-102.26535900,21.90449754
200883643,30420,ROBO TRANSPORTE PUBLICO,8,2020-08-28,5,0,18,25,1,COLONIA,MACIAS ARELLANO,505,CALLE,C,NA,NA,",,,",CALLE,CAMINO AL COBANO,CALLE,B,CALLE,D,5,2,false,false,9,"1 HOMBRE, 1 MUJER",ND,0,0,N,N,false,"3,28",600,1800,1,1,TRANSPORTE PUBLICO,TAXI 2843,0,7,,,,,186,-102.28316210,21.90613529
200884981,30420,ROBO TRANSPORTE PUBLICO,8,2020-08-28,5,13,15,21,1,FRACCIONAMIENTO,VERSALLES II,1071,AVENIDA,AGUASCALIENTES SUR,NA,NA,",,,",CALLE,GENERAL FORTUNATO MAYCOTTE,AVENIDA,DE LOS MAESTROS,CALLE,LICENCIADO JESUS REYES HEROLES,2,4,true,false,9,1 HOMBRE,ND,0,0,N,N,false,36,0,50,1,1,TRANSPORTE PUBLICO,TAXI 0467,0,7,,,,,187,-102.31148055,21.85879216
200894525,30419,ROBO TRANSPORTE PUBLICO,8,2020-08-30,7,0,0,24,1,FRACCIONAMIENTO,BAJIO DE LAS PALMAS,533,CALLE,PALMA MEXICANA,NA,NA,",,,",CALLE,PALMA REAL,AVENIDA,TECNOLOGICO,AVENIDA,POLIDUCTO,3,3,false,true,1,1 HOMBRE,ND,0,0,N,N,false,"3,28",300,300,1,1,TRANSPORTE PUBLICO,TAXI 0332,0,4,,,,,188,-102.24005906,21.86565498
200890362,30420,ROBO TRANSPORTE PUBLICO,8,2020-08-29,6,23,3,24,1,FRACCIONAMIENTO,INF MORELOS,616,CALLE,LOLTUN,NA,111,",,,",CALLE,KABAH,AVENIDA,AGUASCALIENTES SUR,AVENIDA,MARIANO HIDALGO,3,3,true,false,9,1 HOMBRE,ND,1,0,N,N,false,36,0,50,1,4,TRANSPORTE PUBLICO,TAXI 3390,0,7,,,,,189,-102.25742014,21.85893496
200921478,30420,ROBO TRANSPORTE PUBLICO,9,2020-09-07,1,8,9,19,1,FRACCIONAMIENTO,EL SOL NACIENTE,725R,CALLE,FUKUOKA,NA,NA,"123,,,",CALLE,SEDAI,CALLE,LECHUGUILLA,CALLE,JOSE GUERRA PALOS,4,2,true,false,9,1 HOMBRE,ND,1,0,N,N,false,36,0,0,1,4,TRANSPORTE PUBLICO,TAXI 1631,0,7,,,,,190,-102.23012455,21.87338670
200927958,30419,ROBO TRANSPORTE PUBLICO,9,2020-09-09,3,0,0,25,1,FRACCIONAMIENTO,ALIANZA FERROCARRILERA,480,CALLE,FRANCISCO DE PELANDA,NA,NA,",,,",CALLE,ANTONIO OROZCO,CALLE,MANUEL DE URQUIAGA,CALLE,JOSE GONZALEZ SANCHEZ,5,2,false,true,1,"2 HOMBRES, 1 MUJER",ND,0,0,N,N,false,"3,6,28,29,30",350,350,1,1,TRANSPORTE PUBLICO,TAXI 478,0,7,,,,,191,-102.28234880,21.91137614
200911853,30420,ROBO TRANSPORTE PUBLICO,9,2020-09-04,5,19,26,23,1,CC,AGROPECUARIO,763,AVENIDA,ARNULFO M VALDES,NA,NA,",,,",BOULEVARD,A ZACATECAS,AVENIDA,INDEPENDENCIA,AVENIDA,AGUASCALIENTES NORTE,6,1,true,false,9,1 HOMBRE,ND,1,0,N,N,false,36,0,0,1,4,TRANSPORTE PUBLICO,TAXI 3964,0,7,,,,,192,-102.29232122,21.91436363
200931046,30420,ROBO TRANSPORTE PUBLICO,9,2020-09-09,3,22,52,24,1,FRACCIONAMIENTO,VILLA MONTA¥A,501R,PROLONGACION,CONSTITUCIONALISTA,NA,NA,",,,",CALLE,MONTE DOBRA,CALLE,PICO DE VALDERRAMA,CALLE,CERRO CALVITERO,5,2,true,false,9,1 HOMBRE,ND,0,0,N,N,false,36,0,0,1,1,TRANSPORTE PUBLICO,TAXI 3308,0,7,,,,,193,-102.26660854,21.93782807
200938042,30420,ROBO TRANSPORTE PUBLICO,9,2020-09-11,5,23,21,24,1,FRACCIONAMIENTO,MORELOS I,1120,CALLE,CORREGIDORA,NA,NA,"228,,,",CALLE,SITIO DE CUAUTLA,CALLE,CERRADA DE CAUDILLOS,CALLE,MAYO DE 1812,3,3,true,false,9,1 MUJER,ND,0,0,N,N,false,36,0,65,1,1,TRANSPORTE PUBLICO,TAXI 845,0,7,,,,,194,-102.26303271,21.85789845
200940976,30420,ROBO TRANSPORTE PUBLICO,9,2020-09-12,6,20,55,23,5,COLONIA,MARTINEZ ANDRADE,176,AVENIDA,MIGUEL HIDALGO,NA,NA,",,,",CALLE,CARMEN BRISE¥O,CALLE,TEODORO OLIVARES SANTANA,CALLE,ELEUTERIO LOPEZ,7,7,true,false,9,1 PERSONA,ND,0,0,N,N,false,36,0,55,1,2,TRANSPORTE PUBLICO,DIDI,0,7,,,,,195,-102.34170603,21.95770927
200940529,30420,ROBO TRANSPORTE PUBLICO,9,2020-09-12,6,18,57,22,1,FRACCIONAMIENTO,VILLAS DE LAS FUENTES,495,CALLE,VILLAS DE VALLARTA,NA,NA,",,,",CALLE,CULTURA CHINANTECA,CALLE,VILLAS DE CABO SAN LUCAS,CALLE,LOMA DEL CARDENAL,5,2,true,false,9,1 MUJER,ND,1,0,N,N,false,36,0,80,1,1,TRANSPORTE PUBLICO,TAXI 2448,0,7,,,,,196,-102.23645348,21.91307872
200965732,30419,ROBO TRANSPORTE PUBLICO,9,2020-09-19,6,19,24,23,1,COMUNIDAD,JALTOMATE,20P,CARRETERA,25 RIVIER SAN MARCOS,15,NA,",,,",CALLE,5 DE MAYO,CALLE,16 DE SEPTIEMBRE,CARRETERA,148 AMAPOLAS  INDUSTRIAS,5,2,false,true,1,1 HOMBRE,ND,0,0,N,N,false,"3,28,29",500,500,1,2,TRANSPORTE PUBLICO,TAXI 3178,0,7,,,,,197,-102.12155292,22.03532082
200970896,30420,ROBO TRANSPORTE PUBLICO,9,2020-09-21,1,5,18,26,1,BARRIO,DE GUADALUPE,910,AVENIDA,GUADALUPE,NA,NA,"220,,,",CALLE,ANTONIO ARIAS BERNAL,CALLE,JOSE GUADALUPE POSADA,CALLE,RAFAEL GARCIA MACIAS,1,5,true,false,9,UNAS PERSONAS,ND,0,0,N,N,false,36,0,49,1,2,TRANSPORTE PUBLICO,TAXI 2340,0,7,,,,,198,-102.30449387,21.88451340
200970956,30419,ROBO TRANSPORTE PUBLICO,9,2020-09-21,1,6,13,19,1,FRACCIONAMIENTO,BAJIO DE LAS PALMAS,533,CALLE,PALMA MEXICANA,NA,NA,",,,",CALLE,LAS FLORES,CALLE,PALMA GUADALUPE,CALLE,PALMA ABANICO,3,3,false,true,"1,4",2 HOMBRES,ND,0,0,N,N,false,"22,28,30",120,120,1,1,TRANSPORTE PUBLICO,TAXI 1979,0,7,,,,,199,-102.24286725,21.86207910
200982646,30420,ROBO TRANSPORTE PUBLICO,9,2020-09-24,4,16,56,22,1,FRACCIONAMIENTO,LOMAS DEL AJEDREZ,1121,CALLE,DIAGONAL ALFIL,NA,NA,",,,",CALLE,DE LA TORRE,CALLE,DEL ALFIL NEGRO,AVENIDA,DEL REY,3,3,true,false,9,ND,ND,0,0,N,N,false,36,0,0,1,1,TRANSPORTE PUBLICO,TAXI 1380,0,7,,,0,,200,-102.25470912,21.84404237
200982987,30420,ROBO TRANSPORTE PUBLICO,9,2020-09-24,4,18,52,22,1,FRACCIONAMIENTO,VNSA SECTOR ESTACION,502,AVENIDA,SALVADOR RANGEL LOPEZ,NA,NA,",,,",AVENIDA,VALLE DE LOS ROMEROS,CALLE,DOMINGO VELASCO,CALLE,JUAN G ALVARADO,5,2,true,false,9,ND,ND,0,0,N,N,false,36,0,0,1,1,TRANSPORTE PUBLICO,TAXI 3537,0,7,,,0,,201,-102.25681160,21.94124156
200985347,30419,ROBO TRANSPORTE PUBLICO,9,2020-09-25,5,0,0,21,11,FRACCIONAMIENTO,PANAMERICANO,17,AVENIDA,BENITO JUAREZ,NA,NA,",,,",CALLE,CRISTOBAL COLON,CALLE,ARGENTINA,CALLE,MEXICO,7,7,false,true,1,1 HOMBRE,ND,0,0,N,N,false,"28,36",900,1190,1,1,TRANSPORTE PUBLICO,TAXI 570,0,7,,,0,,202,-102.27324029,22.07505155
200975145,30420,ROBO TRANSPORTE PUBLICO,9,2020-09-22,2,12,28,21,1,FRACCIONAMIENTO,PASEOS DE SAN ANTONIO,324P,AVENIDA,DE LAS PRESAS,NA,NA,"117,,,",CALLE,PERAMA,CALLE,HACIENDA SANTORAL 110,CALLE,VOLOS,3,3,true,false,9,1 HOMBRE,ND,1,0,N,N,false,36,0,0,1,4,TRANSPORTE PUBLICO,DIDI,0,7,,,0,,203,-102.26678888,21.80784076
200983035,30420,ROBO TRANSPORTE PUBLICO,9,2020-09-24,4,19,7,23,1,FRACCIONAMIENTO,VNSA SECTOR ESTACION,502,AVENIDA,SALVADOR RANGEL LOPEZ,NA,NA,",,,",AVENIDA,VALLE DE LOS ROMEROS,CALLE,DOMINGO VELASCO,CALLE,JUAN G ALVARADO,5,2,true,false,9,1 HOMBRE,ND,1,0,N,N,false,36,0,0,1,4,TRANSPORTE PUBLICO,TAXI 3157,0,7,,,0,,204,-102.25679736,21.94121632
200992504,30419,ROBO TRANSPORTE PUBLICO,9,2020-09-27,7,4,20,26,1,FRACCIONAMIENTO,INSURGENTES,1046,AVENIDA,CONVENCION,NA,NA,",,,",PROLONGACION,PASEO DE LA ASUNCION,CALLE,JOSE MARIA MAYTORENA,CALLE,ABRAHAM GONZALEZ,2,4,false,true,1,1 HOMBRE,ND,0,0,N,N,false,"3,28,30",0,0,1,1,TRANSPORTE PUBLICO,TAXI 1372,0,7,,,0,,205,-102.30126488,21.84959492
200977944,30420,ROBO TRANSPORTE PUBLICO,9,2020-09-23,3,5,51,26,1,FRACCIONAMIENTO,VNSA SECTOR ESTACION,502,CALLE,FRANCISCO DE J HERRERA L,NA,NA,",,,",CALLE,MATEO HERNANDEZ VAZQUEZ,CALLE,MANUEL ZAVALA MADRIGAL,AVENIDA,VALLE DE LOS ROMEROS,5,2,true,false,9,1 HOMBRE,ND,0,0,N,N,false,36,0,124,1,1,TRANSPORTE PUBLICO,TAXI,0,7,,,0,,206,-102.26392540,21.93711361
200988574,30420,ROBO TRANSPORTE PUBLICO,9,2020-09-26,6,8,32,19,1,FRACCIONAMIENTO,LAS AMERICAS,1114,CALLE,REPUBLICA DE PANAMA,NA,NA,"209,,,",AVENIDA,QUINTA,CALLE,REPUBLICA DE ARGENTINA,CALLE,REPUBLICA DOMINICANA,2,4,true,false,9,1 HOMBRE,ND,0,0,N,N,false,36,0,330,1,1,TRANSPORTE PUBLICO,TAXI 1197,0,7,,,0,,207,-102.29761683,21.86682757
200996389,30419,ROBO TRANSPORTE PUBLICO,9,2020-09-28,1,0,0,20,6,COMUNIDAD,LAS ANIMAS,215P,CARRETERA,71 PROVIDENCIA LUIS MOYA,NA,NA,",,,",CALLE,VENUSTIANO CARRANZA,CARRETERA,122 SAN FRANCISCO DE LOS ROMO JOSE MARIA MORELOS CALVELLINAS,CALLE,VENUSTIANO CARRANZA,7,7,false,true,1,1 HOMBRE,ND,0,0,N,N,false,28,1000,1000,1,2,TRANSPORTE PUBLICO,TAXI 3510,0,7,,,0,,208,-102.26199917,22.08881155
201001864,30419,ROBO TRANSPORTE PUBLICO,9,2020-09-29,2,0,0,24,1,FRACCIONAMIENTO,ALIANZA FERROCARRILERA,480,CALLE,ALFONSO RAMIREZ PAULIN,NA,NA,"103,,,",CALLE,A,CALLE,FRANCISCO DE PELANDA,CALLE,MANUEL DE URQUIAGA,5,2,false,true,1,1 HOMBRE,ND,0,0,N,N,false,"3,28,30",1000,1000,1,1,TRANSPORTE PUBLICO,TAXI 2461,0,7,,,0,,209,-102.28336624,21.91151544
201009843,30420,ROBO TRANSPORTE PUBLICO,10,2020-10-02,5,13,24,21,1,FRACCIONAMIENTO,VILLA LOMA DORADA,500,CALLE,ELIAS DE LARA,NA,NA,",,,",CALLE,VILLA CONSTITUCION,CALLE,VILLA DEL RIO,CALLE,VILLA DE BILBAO,5,2,true,false,9,1 HOMBRE,ANTONIO ESCOBAR CASTRO,1,0,N,N,false,36,0,80,1,4,TRANSPORTE PUBLICO,TAXI 2798,0,7,,,0,,210,-102.25058618,21.92611164
201018526,30420,ROBO TRANSPORTE PUBLICO,10,2020-10-04,7,18,53,22,1,EJIDO,SAN IGNACIO,33P,CALLE,SAN JUAN,NA,NA,",,,",CALLE,PASEOS DE LOS OLIVOS,CALLE,SAN AGUSTIN,CALLE,SANTA MARIA,6,1,true,false,9,1 HOMBRE,ND,0,0,N,N,false,36,0,70,1,2,TRANSPORTE PUBLICO,TAXI 3358,0,7,,,0,,211,-102.34050942,21.88638018
201008118,30420,ROBO TRANSPORTE PUBLICO,10,2020-10-01,4,22,30,24,1,FRACCIONAMIENTO,MUJERES ILUSTRES,602,CALLE,TERESA DE CALCUTA,NA,NA,"120,,,",CALLE,CATO HANRATH,AVENIDA,POLIDUCTO,CALLE,ROSA LUXEMBURGO,3,3,true,false,9,1 HOMBRE,ND,1,0,N,N,false,36,0,80,1,4,TRANSPORTE PUBLICO,TAXI 1367,0,7,,,0,,212,-102.25574747,21.84849554
201008172,30420,ROBO TRANSPORTE PUBLICO,10,2020-10-01,4,22,45,24,1,EJIDO,SAN IGNACIO,33P,CALLE,EMILIANO ZAPATA,NA,NA,"415,,,",CALLE,VICENTE GUERRERO,CALLE,ADOLFO LOPEZ MATEOS,CALLE,FRANCISCO VILLA,6,1,true,false,9,ND,ND,0,0,N,N,false,36,0,0,1,4,TRANSPORTE PUBLICO,TAXI 3269,0,7,,,0,,213,-102.34066845,21.89099624
201030752,30420,ROBO TRANSPORTE PUBLICO,10,2020-10-08,4,10,0,20,1,FRACCIONAMIENTO,OJOCALIENTE III,525,CALLE,OCOTE,NA,NA,",,,",CALLE,EL MOCHO,CALLE,LA BARRANCA,AVENIDA,SIGLO XXI,4,2,false,false,9,1 HOMBRE,ND,0,0,N,N,false,36,0,0,1,1,TRANSPORTE PUBLICO,TAXI 2528,0,7,,,0,,214,-102.24653889,21.87661398
201012119,30420,ROBO TRANSPORTE PUBLICO,10,2020-10-03,6,0,20,25,1,FRACCIONAMIENTO,VILLA MONTA¥A,501R,CALLE,LEOBARDO QUIROZ MORENO,NA,NA,"101,,,",PROLONGACION,CONSTITUCIONALISTA,CALLE,FRANCISCO DE J HERRERA L,CALLE,ANGEL VENEGAS AHUMADO,5,2,true,false,9,1 HOMBRE,ND,0,0,N,N,false,36,0,102,1,1,TRANSPORTE PUBLICO,TAXI 2352,0,7,,,0,,215,-102.26323899,21.93957069
201034436,30420,ROBO TRANSPORTE PUBLICO,10,2020-10-09,5,9,23,20,1,FRACCIONAMIENTO,MUNICIPIO LIBRE,768,CALLE,MIGUEL ANGEL BARBERENA VEGA,NA,NA,",,,",AVENIDA,OJOCALIENTE,CALLE,LOS CAMPOS,CALLE,LOS CAMPOS,4,2,true,false,9,UNAS PERSONAS,ND,0,0,N,N,false,36,0,90,1,2,TRANSPORTE PUBLICO,TAXI 3432,0,7,,,0,,216,-102.25876370,21.89716402
201041988,30420,ROBO TRANSPORTE PUBLICO,10,2020-10-11,7,1,45,25,1,FRACCIONAMIENTO,PASEOS DE SAN ANTONIO,324P,CALLE,ILIO,NA,108,",,C,",CALLE,LIVRONO,CALLE,KALAMARIA,CALLE,EGEO,3,3,true,false,9,1 PERSONA,ND,0,0,N,N,false,36,0,89,1,1,TRANSPORTE PUBLICO,TAXI 0921,0,7,,,0,,217,-102.26829602,21.81112191
201046752,30419,ROBO TRANSPORTE PUBLICO,10,2020-10-12,1,1,32,25,1,COMUNIDAD,PE¥UELAS EL CIENEGAL,27P,CALLE,MIGUEL HIDALGO,NA,NA,",,,",CALLE,FRANCISCO VILLA,CALLE,LAZARO CARDENAS,CALLE,FRANCISCO I MADERO,3,3,false,true,1,1 HOMBRE,ND,0,0,N,N,false,28,1800,1800,1,1,TRANSPORTE PUBLICO,UBER,0,7,,,0,,218,-102.27648930,21.72692201
201052441,30420,ROBO TRANSPORTE PUBLICO,10,2020-10-13,2,18,31,22,1,COLONIA,EL RIEGO,767,PRIVADA,MAGUEY,NA,NA,",,,",AVENIDA,DE LA ESPIGA,CALLE,SAN ELIAS,AVENIDA,POLIDUCTO,4,2,true,false,9,1 HOMBRE,ND,0,0,N,N,false,36,0,0,1,1,TRANSPORTE PUBLICO,TAXI 0567,0,7,,,0,,219,-102.24539815,21.89510355
201053687,30420,ROBO TRANSPORTE PUBLICO,10,2020-10-14,3,1,9,25,1,FRACCIONAMIENTO,PILAR BLANCO,981,CALLE,AVESTRUZ,NA,NA,",,,",AVENIDA,PASEO DE LA ASUNCION,CALLE,CANARIO,BOULEVARD,AGUILA,2,4,true,false,9,1 HOMBRE,ND,0,0,N,N,false,"28,36",500,535,1,1,TRANSPORTE PUBLICO,TAXI 1197,0,7,,,0,,220,-102.30077009,21.85222765
201063995,30420,ROBO TRANSPORTE PUBLICO,10,2020-10-16,5,23,17,24,1,FRACCIONAMIENTO,OJOCALIENTE III,525,AVENIDA,SIGLO XXI,NA,NA,",,,",CALLE,LOS CONOS,CALLE,CIENEGUILLAS,CALLE,EL COECILLO,4,2,true,false,9,1 HOMBRE,ND,0,0,N,N,false,36,0,0,1,2,TRANSPORTE PUBLICO,TAXI 3485,0,7,,,0,,221,-102.24812612,21.87863137
201064046,30420,ROBO TRANSPORTE PUBLICO,10,2020-10-16,5,23,35,24,1,FRACCIONAMIENTO,INSURGENTES,1046,CALLE,GENERAL CESARO CASTRO,NA,NA,"105,,,",AVENIDA,DOCTOR MARIANO AZUELA,AVENIDA,CONVENCION,CALLE,DOCTOR FRANCISCO VAZQUEZ GOMEZ,2,4,true,false,9,ND,ND,0,0,N,N,false,36,0,40,1,2,TRANSPORTE PUBLICO,TAXI 2753,0,7,,,0,,222,-102.31316886,21.85399308
201068177,30419,ROBO TRANSPORTE PUBLICO,10,2020-10-18,7,0,43,25,5,COLONIA,CHICHUALES II,151,CALLE,MIRAVALLE,NA,NA,"210,,,",CALLE,PEDRO DE LUNA,CALLE,FELICIANO MARTINEZ CRUZ,CALLE,TAPIAS VIEJAS,7,7,true,true,1,3 HOMBRES,ND,0,1,N,N,false,39,0,0,1,1,TRANSPORTE PUBLICO,TAXI 2197,0,7,,,0,,223,-102.34962086,21.94323597
201092787,30419,ROBO TRANSPORTE PUBLICO,10,2020-10-24,6,22,30,24,1,CONDOMINIO,OJOCALIENTE INEGI,740,CALLE,CIENEGUILLAS,NA,NA,"505,,,",AVENIDA,OJOCALIENTE,CALLE,RETO¥O,CALLE,EL MOCHO,4,2,false,true,1,2 HOMBRES,ND,0,0,N,N,false,"22,28,29",1000,1000,1,1,TRANSPORTE PUBLICO,TAXI 2487,0,7,,,0,,224,-102.24907239,21.87640433
201102363,30419,ROBO TRANSPORTE PUBLICO,10,2020-10-27,2,21,30,23,1,CONDOMINIO,OJOCALIENTE INEGI,740,CALLE,CUMBRES,NA,NA,",,,",CALLE,CIENEGUILLAS,CALLE,LOS CONOS,AVENIDA,OJOCALIENTE,4,2,false,true,4,2 HOMBRES,ND,0,0,N,N,false,"28,30",900,900,1,1,TRANSPORTE PUBLICO,TAXI 753,0,7,,,0,,225,-102.24874209,21.87705847
201105066,30420,ROBO TRANSPORTE PUBLICO,10,2020-10-28,3,20,51,23,11,FRACCIONAMIENTO,SAN JOSE DE BUENAVISTA,12,AVENIDA,REVOLUCION,NA,NA,",,,",CALLE,BOLIVIA,CALLE,URUGUAY,CALLE,DAVID HERNANDEZ LUGO,7,7,true,false,9,ND,ND,0,0,N,N,false,36,0,120,1,2,TRANSPORTE PUBLICO,UBER,0,7,,,0,,226,-102.26903228,22.07104689
201105699,30420,ROBO TRANSPORTE PUBLICO,10,2020-10-29,4,0,52,25,1,FRACCIONAMIENTO,FRACC RODOLFO LANDEROS GALLEGOS,459,CALLE,EXPROPIACION PETROLERA,NA,NA,",,,",CALLE,GENERAL LAZARO CARDENAS,AVENIDA,POLIDUCTO,CALLE,PAZ ROMO DE VIVAR,5,2,true,false,9,2 HOMBRES,ND,0,0,N,N,false,28,300,300,1,1,TRANSPORTE PUBLICO,TAXI 2055,0,7,,,0,,227,-102.25041837,21.90393502
201094101,30420,ROBO TRANSPORTE PUBLICO,10,2020-10-25,7,7,0,19,1,FRACCIONAMIENTO,JOSE LOPEZ PORTILLO,955,CALLE,CORONEL VALENTE ARTEAGA,NA,NA,",,,",CALLE,SOBERANA CONVENCION MILITAR REVOLUNARIA NORTE,CALLE,RICARDO GARCIA MENDOZA,CALLE,CORONEL JOSE RINCON GALLARDO,2,4,true,false,9,1 HOMBRE,ND,1,0,N,N,false,36,0,0,1,4,TRANSPORTE PUBLICO,TAXI 329,0,7,,,0,,228,-102.32452279,21.85781203
201113883,30419,ROBO TRANSPORTE PUBLICO,10,2020-10-31,6,14,25,21,5,COLONIA,CHICAHULES II,151,AVENIDA,ROMAN LOERA,NA,NA,",,,",CALLE,MILPILLAS,N,N,N,N,7,7,false,true,"1,3",2 HOMBRES,"""EL BACHAS"" ""EL PITUR""",0,0,N,N,false,"3,28",4000,4000,1,1,TRANSPORTE PUBLICO,TAXI 1184,0,7,,,0,,229,-102.35214976,21.94189522
201116935,30420,ROBO TRANSPORTE PUBLICO,11,2020-11-01,7,6,25,19,1,FRACCIONAMIENTO,JARDINES DE LA CONCEPCION II,846,AVENIDA,INDEPENDENCIA,NA,NA,",,,",CALLE,MONTES HIMALAYA,BOULEVARD,LUIS DONALDO COLOSIO,CALLE,MONTE BLANCO,6,1,true,false,9,1 HOMBRE,ND,1,0,N,N,false,36,0,0,1,4,TRANSPORTE PUBLICO,TAXI 2941,0,7,,,0,,230,-102.29809473,21.92331945
201126599,30420,ROBO TRANSPORTE PUBLICO,11,2020-11-04,3,8,17,19,1,FRACCIONAMIENTO,VILLA TERESA,790,CALLE,JUAN BAUTISTA LASALLE,NA,NA,",,,",AVENIDA,CONSTITUCION,CALLE,AGUSTINOS,CALLE,ADORATRICES,5,2,true,false,9,2 HOMBRES,ND,0,0,N,N,false,36,0,20,1,1,TRANSPORTE PUBLICO,UBER,0,7,,,0,,231,-102.28555040,21.91944855
201130389,30419,ROBO TRANSPORTE PUBLICO,11,2020-11-05,4,13,47,21,5,COLONIA,EL TORITO,199,CALLE,SOR JUANA INES DE LA CRUZ,NA,NA,",,,",CALLE,15 DE SEPTIEMBRE,AVENIDA,FRANCISCO I MADERO,CALLE,LAZARO CARDENAS,7,7,false,true,4,2 HOMBRES,ND,0,0,N,N,false,"3,28",2000,50000,1,1,TRANSPORTE PUBLICO,TAXI 2416,0,7,,,0,,232,-102.35499768,21.96970325
201134843,30419,ROBO TRANSPORTE PUBLICO,11,2020-11-06,5,0,0,24,1,FRACCIONAMIENTO,OJOCALIENTE III,525,CALLE,LA MANZANA,NA,NA,",,,",AVENIDA,SIGLO XXI,CALLE,ESTACION CA¥ADA,CALLE,LAS HORMIGAS,4,2,false,true,2,2 HOMBRES,ND,0,0,N,N,false,"15,28,31",150,150,1,1,TRANSPORTE PUBLICO,TAXI 1584,0,7,,,0,,233,-102.24901218,21.88217528
201136847,30420,ROBO TRANSPORTE PUBLICO,11,2020-11-07,6,14,12,21,5,FRACCIONAMIENTO,RUISE¥ORES,338P,CIRCUITO,PALOMA,NA,NA,",,,",CIRCUITO,FAISAN,CIRCUITO,PALOMA,CIRCUITO,QUETZAL,7,7,true,false,9,1 HOMBRE,ND,0,0,N,N,false,36,0,0,1,1,TRANSPORTE PUBLICO,TAXI 3740,0,7,,,0,,234,-102.33161544,21.96832910
201124977,30420,ROBO TRANSPORTE PUBLICO,11,2020-11-03,2,17,27,22,1,COLONIA,BUENOS AIRES,720,AVENIDA,CONVENCION DE 1914 NORTE,NA,NA,"1909,,,",CALLE,ASIA,AVENIDA,UNIVERSIDAD,CALLE,ASIA,6,1,true,false,9,1 HOMBRE,ND,0,0,N,N,false,36,0,0,1,1,TRANSPORTE PUBLICO,UBER,0,7,,,0,,235,-102.30540013,21.89726856
201148835,30419,ROBO TRANSPORTE PUBLICO,11,2020-11-11,3,1,3,25,1,CONDOMINIO,OJOCALIENTE INEGI,740,CALLE,CIENEGUILLAS,NA,NA,",,,",AVENIDA,OJOCALIENTE,CALLE,LAS CUMBRES,CALLE,LOS CONOS,4,2,false,true,9,"1 HOMBRE, 1 MUJER",ND,0,0,N,N,false,28,0,0,1,1,TRANSPORTE PUBLICO,TAXI 461,0,7,,,0,,236,-102.24926819,21.87643249
201156236,30419,ROBO TRANSPORTE PUBLICO,11,2020-11-13,5,0,0,19,1,CONDOMINIO,OJOCALIENTE INEGI,740,CALLE,SAN FRANCISCO DE LOS VIVEROS,NA,NA,",,,",AVENIDA,OJOCALIENTE,CALLE,LAS NORIAS,CALLE,LOS CONOS,4,2,false,true,10,2 HOMBRES,ND,0,0,N,N,false,"3,28",0,0,1,1,TRANSPORTE PUBLICO,TAXI 1278,0,7,,,0,,237,-102.25160457,21.87911690
201166760,30420,ROBO TRANSPORTE PUBLICO,11,2020-11-15,7,20,45,23,1,FRACCIONAMIENTO,VNSA SECTOR ALAMEDA,516,CALLE,ALFREDO MU¥OZ,NA,NA,",,,",CALLE,JOSE G CRUZ,CALLE,VALLE DE LOS ROMERO,CALLE,DOMINGO VELASCO,5,2,true,false,9,1 HOMBRE,ND,0,0,N,N,false,36,0,50,1,4,TRANSPORTE PUBLICO,TAXI 815,0,7,,,0,,238,-102.26412286,21.93170236
201176593,30420,ROBO TRANSPORTE PUBLICO,11,2020-11-18,3,19,45,23,1,FRACCIONAMIENTO,OJOCALIENTE III,525,CALLE,CHURUBUSCO,NA,NA,"129,,,",CALLE,SAN FRANCISCO DE LOS VIVEROS,CALLE,CA¥ADA GRANDE,CALLE,BETULIA,4,2,true,false,9,1 HOMBRE,ND,0,0,N,N,false,36,0,50,1,1,TRANSPORTE PUBLICO,TAXI 418,0,7,,,0,,239,-102.24405302,21.88117649
201180000,30420,ROBO TRANSPORTE PUBLICO,11,2020-11-19,4,19,2,23,1,COLONIA,OJO DE AGUA,535,PRIVADA,SEGUNDA PROLONGACION DELICIAS,NA,NA,",,,",AVENIDA,MARIANO ESCOBEDO,AVENIDA,FERROCARRIL,AVENIDA,CONVENCION DE 1914 SUR,3,3,true,false,9,UNAS PERSONAS,ND,0,0,N,N,false,36,0,64,1,2,TRANSPORTE PUBLICO,TAXI 2623,0,7,,,0,,240,-102.27669347,21.86538432
201183913,30419,ROBO TRANSPORTE PUBLICO,11,2020-11-20,5,0,0,23,1,FRACCIONAMIENTO,VILLAS DEL RIO,698,AVENIDA,GERONIMO DE LA CUEVA,NA,NA,",,,",CALLE,RIO NAUTLA,CALLE,RIO YAQUI,CALLE,RIO MAYO,5,2,false,true,1,2 HOMBRES,ND,0,0,N,N,false,"3,28",700,700,1,2,TRANSPORTE PUBLICO,TAXI 2505,0,7,,,0,,241,-102.24227220,21.94174335
201189102,30420,ROBO TRANSPORTE PUBLICO,11,2020-11-22,7,7,16,19,1,FRACCIONAMIENTO,INSURGENTES,1046,CALLE,GENERAL MARTIN ESPINOZA SANCHEZ,NA,NA,"101,,,",AVENIDA,DOCTOR MARIANO AZUELA,AVENIDA,CONVENCION,CALLE,GENERAL FORTUNATO MAYCOTTE,2,4,true,false,9,1 PERSONA,ND,1,0,N,N,false,36,0,0,1,4,TRANSPORTE PUBLICO,TAXI 4058,0,7,,,0,,242,-102.31214445,21.85380023
201193709,30419,ROBO TRANSPORTE PUBLICO,11,2020-11-23,1,0,0,21,1,CONDOMINIO,OJOCALIENTE INEGI,740,CALLE,LOS CONOS,NA,NA,",,,",CALLE,LAS NORIAS,AVENIDA,OJOCALIENTE,CALLE,EL NOVILLO,4,2,false,true,1,"1 HOMBRE, 1 MUJER",ND,0,0,N,N,false,3,0,2000,1,1,TRANSPORTE PUBLICO,TAXI 1925,0,7,,,0,,243,-102.25271301,21.87758669
201193776,30420,ROBO TRANSPORTE PUBLICO,11,2020-11-23,1,0,0,21,1,COLONIA,EL POLVORIN MIRADOR TV AZTECA,69P,AVENIDA,GAVIOTAS,NA,NA,"155,,,",AVENIDA,TECNOLOGICO,AVENIDA,GAVIOTAS,AVENIDA,SOTOL,4,2,false,false,9,2 HOMBRES,ND,0,0,N,N,false,"3,22,28",1150,1150,1,1,TRANSPORTE PUBLICO,TAXI 1268,0,7,,,0,,244,-102.22676082,21.86381316
201194419,30420,ROBO TRANSPORTE PUBLICO,11,2020-11-23,1,18,40,22,1,FRACCIONAMIENTO,VNSA SECTOR ALAMEDA,516,CALLE,LUIS CHAVEZ,NA,NA,",,,",CALLE,RODOLFO RODARTE,CALLE,VALLE DE LOS ROMERO,CALLE,RODRIGO RINCON GALLARDO,5,2,true,false,9,1 HOMBRE,ND,1,0,N,N,false,36,0,60,1,4,TRANSPORTE PUBLICO,TAXI 2546,0,7,,,0,,245,-102.26401227,21.93480853
201192814,30420,ROBO TRANSPORTE PUBLICO,11,2020-11-23,1,9,6,19,11,FRACCIONAMIENTO,PASEOS DE LA PROVIDENCIA,349P,AVENIDA,PROFESOR JUAN ANTONIO REYES CASTA¥EDA,NA,NA,",,,",BOULEVARD,PROFESOR J REFUGIO LARA MARTINEZ,CALLE,PASEOS DE SAN PABLO,AVENIDA,PASEOS DE SANTA LUCIA,7,7,true,false,9,"1 HOMBRE, 1 MUJER","SANDRA CECILIA CONTRERAS ESPINOZA, CESAR AARON GARCIA ALVARADO ""EL BRUJO""",2,0,N,N,false,36,0,150,1,4,TRANSPORTE PUBLICO,TAXI 846,0,7,,,0,,246,-102.27690276,22.02126386
201199237,30420,ROBO TRANSPORTE PUBLICO,11,2020-11-25,3,7,34,19,1,COLONIA,BUENOS AIRES,720,CALLE,CARLOS SAGREDO,NA,NA,"1317,,,",CALLE,OCEANIA,CALLE,PROFESOR EDMUNDO GMAEZ OROZCO,CALLE,FRANCISCO B MARTINEZ,6,1,true,false,9,1 HOMBRE,ND,0,0,N,N,false,36,0,60,1,1,TRANSPORTE PUBLICO,TAXI 2776,0,7,,,0,,247,-102.30813023,21.89560558
201237308,30420,ROBO TRANSPORTE PUBLICO,12,2020-12-06,7,8,32,19,1,FRACCIONAMIENTO,LAS AMERICAS,1003,BOULEVARD,JOSE MARIA CHAVEZ,NA,NA,",,,",CALLE,HERNAN GONZALEZ,AVENIDA,CONVENCION DE 1914 SUR,AVENIDA,MAHATMA GANDHI,2,4,true,false,9,1 HOMBRE,ND,1,0,N,N,false,36,0,0,1,4,TRANSPORTE PUBLICO,TAXI 2950,0,7,,,0,,248,-102.29480249,21.86762331
201237391,30419,ROBO TRANSPORTE PUBLICO,12,2020-12-06,7,9,25,20,1,FRACCIONAMIENTO,MEXICO,1081,CALLE,CASA BLANCA,NA,NA,",,,",AVENIDA,FERROCARRIL,CALLE,CHIHUAHUA,AVENIDA,AGUASCALIENTES SUR,3,3,false,true,5,1 HOMBRE,ND,0,0,N,N,false,"28,38",180,180,1,1,TRANSPORTE PUBLICO,TAXI 118,0,7,,,0,,249,-102.27793633,21.86213531
201245398,30419,ROBO TRANSPORTE PUBLICO,12,2020-12-09,3,7,41,19,1,FRACCIONAMIENTO,OJOCALIENTE III,525,CALLE,CHURUBUSCO,NA,NA,",,,",CALLE,SAN FRANCISCO DE LOS VIVEROS,CALLE,LAS CUEVAS,CALLE,EL TURICATE,4,2,true,true,"1,3",2 HOMBRES,ND,0,0,N,N,false,"3,28",130,130,1,1,TRANSPORTE PUBLICO,TAXI 2611,0,7,,,0,,250,-102.24410892,21.88094644
201250715,30420,ROBO TRANSPORTE PUBLICO,12,2020-12-10,4,0,0,24,1,FRACCIONAMIENTO,NATURA,699,CALLE,CELESTINO LOPEZ SANCHEZ,NA,NA,",,,",AVENIDA,JOSE DE JESUS GONZALEZ GARCIA,CALLE,SICOMORO,CALLE,PINO DE LA SOLEDAD,5,2,false,false,9,2 HOMBRES,ND,0,0,N,N,false,"3,28",0,0,1,1,TRANSPORTE PUBLICO,TAXI 1183,0,7,,,0,,251,-102.24699147,21.92910049
201260806,30420,ROBO TRANSPORTE PUBLICO,12,2020-12-13,7,0,0,22,1,FRACCIONAMIENTO,VALLE DE LOS CACTUS,725,AVENIDA,PASEO DE LA BIZNAGA,NA,NA,",,,",CALLE,CALIXTO SERNA VALDIVIA,ANDADOR,RECINTO NOPAL 109,CALLE,ISABEL JIMENEZ DIAZ,4,2,false,false,9,1 HOMBRE,ND,0,0,N,N,false,"28,36",220,220,1,1,TRANSPORTE PUBLICO,TAXI 3332,0,7,,,0,,252,-102.23546306,21.87414530
201262766,30419,ROBO TRANSPORTE PUBLICO,12,2020-12-14,1,6,41,19,5,FRACCIONAMIENTO,AGUA ZARCA,175,CALLE,ELEUTERIO LOPEZ,NA,NA,"225,A,,",CALLE,JUAN PABLO II,AVENIDA,ALEJANDRO DE LA CRUZ SAUCEDO,CALLE,CAMINO REAL,7,7,false,true,1,2 HOMBRES,"""EL POLLO""",0,0,N,N,false,"3,28",500,500,1,1,TRANSPORTE PUBLICO,TAXI 322,0,7,,,0,,253,-102.34019989,21.95457783
201265386,30419,ROBO TRANSPORTE PUBLICO,12,2020-12-14,1,0,0,23,2,COMUNIDAD,JILOTEPEC,100P,CARRETERA,126 LA DICHOSA JILOTEPEC,NA,NA,",,,",CARRETERA,25 RIVIER SAN MARCOS,CALLE,BENITO JUAREZ,CALLE,VI¥AS,7,7,false,true,1,1 HOMBRE DE LENTES,ND,0,0,N,N,false,28,0,0,1,1,TRANSPORTE PUBLICO,TAXI 859,0,7,,,0,,254,-102.10222793,22.05076893
201268847,30419,ROBO TRANSPORTE PUBLICO,12,2020-12-15,2,0,0,23,1,FRACCIONAMIENTO,VILLA LOMA DORADA,500,CALLE,CELESTINO LOPEZ SANCHEZ,NA,NA,",,,",CALLE,VILLA AHUMADA,CALLE,VILLA CLARA,CALLE,CULTURA OTOMI,5,2,false,true,1,2 HOMBRES,ND,0,0,N,N,false,"3,28",500,3000,1,1,TRANSPORTE PUBLICO,TAXI 2931,0,7,,,0,,255,-102.24667895,21.92766398
201272849,30419,ROBO TRANSPORTE PUBLICO,12,2020-12-17,4,4,48,26,1,FRACCIONAMIENTO,MIRADOR DE LAS CULTURAS II,494,AVENIDA,CULTURA NAZCA,NA,NA,",,,",AVENIDA,RODOLFO LANDEROS GALLEGOS,CALLE,CULTURA NAZCA 104,CALLE,CULTURA TOTONACA,5,2,false,true,1,2 HOMBRES,ND,0,0,N,N,false,"3,28",8000,10400,1,1,TRANSPORTE PUBLICO,UBER,0,7,,,0,,256,-102.23750206,21.90852273
201223259,30420,ROBO TRANSPORTE PUBLICO,12,2020-12-01,2,16,0,22,1,FRACCIONAMIENTO,VILLAS DEL RIO,698,CALLE,JOSE FEMAT GUTIERREZ,NA,NA,",,,",AVENIDA,VILLAS DEL RIO,CALLE,RIO YAQUI,CALLE,RIO BALSAS,5,2,false,false,9,1 HOMBRE,ND,0,0,N,N,false,36,0,600,1,1,TRANSPORTE PUBLICO,TAXI 1470,0,7,,,0,,257,-102.24257699,21.93862485
201283248,30420,ROBO TRANSPORTE PUBLICO,12,2020-12-20,7,2,0,25,1,FRACCIONAMIENTO,LIBERTAD,695,CALLE,PAULINO N MARTI,NA,NA,",,,",CALLE,PUENTE DE CALDERON,CALLE,LOS NARANJOS,CALLE,GENERAL PANFILO NATERA,5,2,false,false,9,UNAS PERSONAS,ND,0,0,N,N,false,36,0,0,1,1,TRANSPORTE PUBLICO,TAXI 2656,0,7,,,0,,258,-102.27869803,21.92991292
201277275,30420,ROBO TRANSPORTE PUBLICO,12,2020-12-18,5,15,27,21,1,FRACCIONAMIENTO,PARRAS,789,CALLE,UVA,NA,NA,"136,,,",CALLE,VI¥EDO,AVENIDA,AGUASCALIENTES NORTE,CALLE,VID,5,2,true,false,9,1 MUJER,ND,0,0,N,N,false,36,0,50,1,1,TRANSPORTE PUBLICO,UBER,0,7,,,0,,259,-102.27972752,21.91340993
201288691,30420,ROBO TRANSPORTE PUBLICO,12,2020-12-21,1,17,30,22,1,CONDOMINIO,OJOCALIENTE INEGI,740,CALLE,CIENEGUILLAS,NA,NA,",,,",AVENIDA,OJOCALIENTE,CALLE,LAS CUMBRES,CALLE,LOS CONOS,4,2,false,false,9,"1 HOMBRE, 4 MUJERES",ND,0,0,N,N,false,"28,36",1300,1300,1,1,TRANSPORTE PUBLICO,TAXI 3290,0,7,,,0,,260,-102.24900375,21.87674812
201241201,30420,ROBO TRANSPORTE PUBLICO,12,2020-12-07,1,15,39,22,1,FRACCIONAMIENTO,INSURGENTES,1046,AVENIDA,CONVENCION,NA,NA,",,,",CALLE,ANTONIO DIAZ SOTO Y GAMA,CALLE,INGENIERO PASTOR ROUALX,AVENIDA,DOCTOR MARIANO AZUELA,2,4,true,false,9,1 HOMBRE,ND,1,0,N,N,false,36,0,85,1,4,TRANSPORTE PUBLICO,TAXI 16,0,7,,,0,,261,-102.30586804,21.85079338
201247880,30420,ROBO TRANSPORTE PUBLICO,12,2020-12-09,3,22,48,24,1,COMUNIDAD,TANQUE EL TRIGO,40P,CARRETERA,68 NORIAS DE OJOCALIENTE LA LUZ,NA,NA,",,,",CARRETERA,155 NORIAS DE OJOCALIENTE EL TRIGO,CALLE,OJO DE TIGRE,N,N,4,2,true,false,9,UNAS PERSONAS,ND,0,0,N,N,false,36,0,0,1,2,TRANSPORTE PUBLICO,BOLT,0,7,,,0,,262,-102.18423916,21.89883886
201250986,30420,ROBO TRANSPORTE PUBLICO,12,2020-12-10,4,23,52,24,1,SIN TIPO,AGENCIAS LAS HADAS,835,AVENIDA,HEROE DE NACOZARI NORTE,NA,NA,",,,",BOULEVARD,A ZACATECAS,AVENIDA,AGUASCALIENTES NORTE,AVENIDA,PASEO DE LA SOLIDARIDAD,5,2,true,false,9,1 HOMBRE,ND,1,0,N,N,false,36,0,0,1,4,TRANSPORTE PUBLICO,TAXI 3689,0,7,,,0,,263,-102.29191333,21.91258238
201300653,30419,ROBO TRANSPORTE PUBLICO,12,2020-12-25,5,0,19,25,1,COMUNIDAD,PE¥UELAS EL CIENEGAL,27P,CALLE,LAZARO CARDENAS,NA,NA,"307,,,",CALLE,16 DE SEPTIEMBRE,CALLE,EMILIANO ZAPATA,CALLE,BENITO JUAREZ,3,3,true,true,3,1 HOMBRE,ND,0,0,N,N,false,36,0,400,1,1,TRANSPORTE PUBLICO,TAXI 4116,0,7,,,0,,264,-102.27042704,21.72580584
201304820,30420,ROBO TRANSPORTE PUBLICO,12,2020-12-26,6,4,46,26,1,COLONIA,DEL TRABAJO,477,CALLE,PRIMERA PRIVADA 67,NA,NA,",,,",CALLE,FRANCSICO GONZALEZ BOCANEGRA,CALLE,67,CALLE,SEGUNDA PRIVADA 67,4,2,true,false,9,UNAS PERSONAS,ND,0,0,N,N,false,"3,30.36",0,0,1,1,TRANSPORTE PUBLICO,TAXI 1790,0,7,,,0,,265,-102.27111790,21.88608699
201306722,30420,ROBO TRANSPORTE PUBLICO,12,2020-12-26,6,18,24,22,1,COLONIA,BUENOS AIRES,720,CALLE,FERNANDO M HERNANDEZ,NA,NA,",,,",CALLE,OCEANIA,CALLE,PROFESOR EDMUNDO GAMEZ OROZCO,CALLE,ASIA,6,1,true,false,9,1 HOMBRE,ND,0,0,N,N,false,36,0,0,1,1,TRANSPORTE PUBLICO,TAXI 2778,0,7,,,0,,266,-102.30482706,21.89554445
201320212,30420,ROBO TRANSPORTE PUBLICO,12,2020-12-30,3,18,11,22,11,CONDOMINIO,SENDERO DE LOS QUETZALES,355P,BOULEVARD,VUELOS DEL QUETZAL,NA,NA,"212,,,",CALLE,LUZ DEL ALVBA,CARRETERA,65 LA GUAYANA,CIRCUITO,MANTO DE LOS EMPERADORES,7,7,true,false,9,1 HOMBRE,ND,0,0,N,N,false,36,0,0,1,1,TRANSPORTE PUBLICO,TAXI 3795,0,7,,,0,,267,-102.26393353,21.97921468
